,name,broad_category,category,description,history,famous_view,image_1,image_2,image_3,image_4,image_5,location,best_time,entry_fee,rating,latitude,longitude,source,search_text
0,Red Fort (Lal Qila),Historical Forts & Monuments,Historical Fort / UNESCO Heritage,An iconic 17th-century Mughal fortress constructed from red sandstone that served as the primary residence of Mughal emperors for nearly two centuries.,"Commissioned in 1638 by Emperor Shah Jahan when he shifted the Mughal capital from Agra to Delhi (Shahjahanabad). Designed by architect Ustad Ahmad Lahori and completed in 1648, the fort witnessed the zenith of Mughal glory, Nadir Shah's 1739 plunder of the Peacock Throne, British colonial transformation after the 1857 Rebellion, and the 1945 INA trials. On 15 August 1947, Jawaharlal Nehru unfurled the National Flag from Lahori Gate, starting an annual Independence Day tradition.",Frontal panoramic perspective of the massive octagonal Lahori Gate towers and ramparts viewed from the Netaji Subhash Marg esplanade.,images/0/image_1.jpeg,images/0/image_2.webp,images/0/image_3.jpeg,images/0/image_4.jpeg,images/0/image_5.jpeg,"Netaji Subhash Marg, Chandni Chowk, Old Delhi",October to March (9:00 AM – 11:00 AM or 6:30 PM Sound & Light Show),"₹35 (Indians), ₹500 (Foreigners)",4.6,28.6562,77.241,Archaeological Survey of India (ASI) / Delhi Tourism,"Name: Red Fort (Lal Qila). Category: Historical Fort / UNESCO Heritage. Description: An iconic 17th-century Mughal fortress constructed from red sandstone that served as the primary residence of Mughal emperors for nearly two centuries.. Location: Netaji Subhash Marg, Chandni Chowk, Old Delhi. Best Time: October to March (9:00 AM – 11:00 AM or 6:30 PM Sound & Light Show)."
1,Qutab Minar,Heritage & Leisure,Historical Monument / UNESCO Heritage,"A 72.5-meter tall five-storey fluted minaret made of red sandstone and marble, representing early Indo-Islamic architectural supremacy.","Initiated in 1199 AD by Qutb-ud-din Aibak, founder of the Delhi Sultanate, following the defeat of the Tomar Rajputs. Sultan Shams-ud-din Iltutmish added three storeys around 1220. Following lightning damage in 1368, Sultan Firoz Shah Tughlaq rebuilt the upper levels using white marble and sandstone. The complex also features the rust-resistant 4th-century Iron Pillar of Chandragupta II and the 1311 Alai Darwaza.",Low-angle viewpoint framing the vertical tiers of the Minar through the arched colonnade ruins of the Quwwat-ul-Islam Mosque.,images/1/image_1.jpeg,images/1/image_2.jpeg,images/1/image_3.jpeg,images/1/image_4.jpeg,images/1/image_5.jpeg,"Mehrauli, South Delhi","October to March (Late afternoon golden hour, 4:00 PM – 6:00 PM)","₹35 (Indians), ₹550 (Foreigners)",4.6,28.5245,77.1855,Archaeological Survey of India (ASI) / Delhi Tourism,"Name: Qutab Minar. Category: Historical Monument / UNESCO Heritage. Description: A 72.5-meter tall five-storey fluted minaret made of red sandstone and marble, representing early Indo-Islamic architectural supremacy.. Location: Mehrauli, South Delhi. Best Time: October to March (Late afternoon golden hour, 4:00 PM – 6:00 PM)."
2,Humayun's Tomb,Historical Forts & Monuments,Historical Mausoleum / UNESCO Heritage,"The first grand garden-tomb on the Indian subcontinent, combining Persian symmetry with Indian stone carving traditions.","Commissioned in 1558 by Empress Bega Begum (Haji Begum) in memory of her late husband, Emperor Humayun. Designed by Persian architect Mirak Mirza Ghiyas and completed in 1572, it introduced the Persian Charbagh (four-fold garden) concept with causeways and geometric water channels to India. It provided shelter to the last Mughal ruler Bahadur Shah Zafar before his capture by the British in 1857.",Classic symmetrical axial view from the southern central garden walkway reflecting the grand double-domed mausoleum in the water channel.,images/2/image_1.jpg,images/2/image_2.jpg,images/2/image_3.jpg,images/2/image_4.jpg,images/2/image_5.jpg,"Mathura Road, Nizamuddin East, South East Delhi",October to March (Sunrise 7:00 AM – 9:00 AM or sunset),"₹35 (Indians), ₹550 (Foreigners)",4.6,28.5933,77.2507,Archaeological Survey of India (ASI) / Delhi Tourism,"Name: Humayun's Tomb. Category: Historical Mausoleum / UNESCO Heritage. Description: The first grand garden-tomb on the Indian subcontinent, combining Persian symmetry with Indian stone carving traditions.. Location: Mathura Road, Nizamuddin East, South East Delhi. Best Time: October to March (Sunrise 7:00 AM – 9:00 AM or sunset)."
3,Purana Qila (Old Fort),Historical Forts & Monuments,Historical Fort & Archaeological Site,An imposing 16th-century fortress standing on an ancient mound historically associated with Indraprastha from the Mahabharata epic.,"Rebuilt by Sher Shah Suri after defeating Humayun in 1540, completing the Qila-i-Kuhna Mosque and the octagonal Sher Mandal library tower. Humayun regained control in 1555 but fatally fell down the steep stone stairs of Sher Mandal in 1556. Archaeological excavations led by B.B. Lal revealed Painted Grey Ware pottery dating back to 1000 BCE, linking the site directly to ancient Indraprastha. During the 1947 Partition, it functioned as a major refugee camp.",West gate (Bada Darwaza) reflection mirrored on the adjacent tranquil lake waters during evening illumination.,images/3/image_1.jpg,images/3/image_2.jpg,images/3/image_3.jpg,images/3/image_4.JPG,images/3/image_5.jpg,"Mathura Road, Near Delhi Zoo, Central New Delhi",October to March (Morning 9:00 AM – 11:30 AM or Evening Sound & Light show),"₹20 (Indians), ₹250 (Foreigners)",4.4,28.6096,77.2435,Archaeological Survey of India (ASI),"Name: Purana Qila (Old Fort). Category: Historical Fort & Archaeological Site. Description: An imposing 16th-century fortress standing on an ancient mound historically associated with Indraprastha from the Mahabharata epic.. Location: Mathura Road, Near Delhi Zoo, Central New Delhi. Best Time: October to March (Morning 9:00 AM – 11:30 AM or Evening Sound & Light show)."
4,Tughlaqabad Fort,Historical Forts & Monuments,Historical Fort / Ruins,"A massive, ruined stone fortress spanning over 6 km with monumental sloping stone ramparts, battlements, and the mausoleum of Ghiyas-ud-din Tughlaq.","Built between 1321 and 1325 AD by Ghiyas-ud-din Tughlaq, founder of the Tughlaq dynasty, as the fortified third city of Delhi to repel Mongol incursions. Legend recounts that Sufi saint Nizamuddin Auliya cursed the fort ('Ya rahey hissar, ya basey Gujjar' — may it remain barren or inhabited only by nomadic Gujjars) after the Sultan requisitioned workers who were digging the saint's stepwell. The fortress was abandoned shortly after Ghiyas-ud-din's demise.",Panoramic view from the highest rampart bastion looking out across the dry moat towards the white marble-domed tomb of Ghiyas-ud-din Tughlaq.,images/4/image_1.jpg,images/4/image_2.jpg,images/4/image_3.JPG,images/4/image_4.jpg,images/4/image_5.jpg,"Tughlaqabad Institutional Area, South Delhi",November to February (Early morning 7:30 AM – 10:00 AM),"₹20 (Indians), ₹250 (Foreigners)",4.3,28.5122,77.26,Archaeological Survey of India (ASI),"Name: Tughlaqabad Fort. Category: Historical Fort / Ruins. Description: A massive, ruined stone fortress spanning over 6 km with monumental sloping stone ramparts, battlements, and the mausoleum of Ghiyas-ud-din Tughlaq.. Location: Tughlaqabad Institutional Area, South Delhi. Best Time: November to February (Early morning 7:30 AM – 10:00 AM)."
5,Feroz Shah Kotla Fort,Historical Forts & Monuments,Historical Fort & Ashokan Pillar,"The 14th-century citadel of Firozabad featuring the 3rd-century BCE Ashokan Stone Pillar, Jama Masjid ruins, and a circular stepped baoli.","Constructed in 1354 AD by Sultan Firoz Shah Tughlaq when he founded Firozabad, the fifth city of Delhi, alongside the Yamuna river. Firoz Shah transported a 13-meter monolithic polished sandstone Ashokan Pillar from Topra in Haryana and installed it atop a three-tier pyramidal palace. In 1398, Timur prayed at the Kotla Jama Masjid before sacking Delhi, later modeling his Samarkand mosque upon its design. Today, it is revered by locals who leave letters and petitions to Djinns.",The ancient golden-sheen Ashokan Pillar perched on top of the three-tiered pyramidal red stone palace structure.,images/5/image_1.jpg,images/5/image_2.jpg,images/5/image_3.jpg,images/5/image_4.jpg,images/5/image_5.jpg,"Bahadur Shah Zafar Marg, Vikram Nagar, Central New Delhi",October to March (Thursday evenings or sunny winter afternoons),"₹20 (Indians), ₹250 (Foreigners)",4.3,28.635,77.242,Archaeological Survey of India (ASI),"Name: Feroz Shah Kotla Fort. Category: Historical Fort & Ashokan Pillar. Description: The 14th-century citadel of Firozabad featuring the 3rd-century BCE Ashokan Stone Pillar, Jama Masjid ruins, and a circular stepped baoli.. Location: Bahadur Shah Zafar Marg, Vikram Nagar, Central New Delhi. Best Time: October to March (Thursday evenings or sunny winter afternoons)."
6,Safdarjung Tomb,Historical Forts & Monuments,Historical Mausoleum / Late Mughal Architecture,"The last grand enclosed garden-tomb of the Mughal Empire, built in 1754 with ornate domed towers, marble detailing, and water pavilions.","Erected in 1754 by Nawab Shuja-ud-Daula for his father, Mirza Muqim Abul Mansur Khan (popularly known as Safdarjung), who was the powerful Subadar of Awadh and Prime Minister to Mughal Emperor Ahmad Shah Bahadur. Built in the late Charbagh style, the tomb represents the final expression of classic Mughal monumental architecture before imperial power fragmented into regional dynasties.",Front garden axis framing the central double-domed mausoleum flanked by ornate arched pavilions and reflective water pools.,images/6/image_1.jpg,images/6/image_2.jpg,images/6/image_3.jpg,images/6/image_4.jpg,images/6/image_5.jpg,"Safdarjung Airport Area, Lodhi Road, New Delhi",October to March (Sunset 5:00 PM – 6:30 PM under evening floodlights),"₹20 (Indians), ₹250 (Foreigners)",4.5,28.5893,77.2106,Archaeological Survey of India (ASI),"Name: Safdarjung Tomb. Category: Historical Mausoleum / Late Mughal Architecture. Description: The last grand enclosed garden-tomb of the Mughal Empire, built in 1754 with ornate domed towers, marble detailing, and water pavilions.. Location: Safdarjung Airport Area, Lodhi Road, New Delhi. Best Time: October to March (Sunset 5:00 PM – 6:30 PM under evening floodlights)."
7,Agrasen ki Baoli,Heritage & Leisure,Historical Stepwell / Architectural Heritage,A 60-meter long and 15-meter wide 14th-century historical stepwell featuring 108 stone steps arranged across three levels with arched niches.,Believed to have been originally commissioned by the legendary King Agrasen of the solar dynasty and reconstructed during the 14th-century Tughlaq or Lodi era. The stepwell functioned as both a water reservoir during seasonal droughts and a cool subterranean sanctuary for travelers and community gatherings. Its striking symmetrical stone arches make it one of Delhi's most celebrated architectural landmarks.,Steep descending perspective from the top entrance looking down the central 108 stone steps framed by dual-level stone arcade walls.,images/7/image 1.jpg,images/7/image 2.jpg,images/7/image 3.jpg,images/7/image 4.jpg,images/7/image 5.jpg,"Hailey Road, Near Connaught Place & Kasturba Gandhi Marg, New Delhi",September to April (Morning 9:00 AM – 11:00 AM before crowd build-up),Free,4.4,28.6262,77.2253,Archaeological Survey of India (ASI),"Name: Agrasen ki Baoli. Category: Historical Stepwell / Architectural Heritage. Description: A 60-meter long and 15-meter wide 14th-century historical stepwell featuring 108 stone steps arranged across three levels with arched niches.. Location: Hailey Road, Near Connaught Place & Kasturba Gandhi Marg, New Delhi. Best Time: September to April (Morning 9:00 AM – 11:00 AM before crowd build-up)."
8,Jantar Mantar,Historical Forts & Monuments,Historical Astronomical Observatory,An open-air astronomical observatory consisting of 13 architectural masonry instruments designed to track celestial movements and calculate solar time.,"Constructed in 1724 by Maharaja Jai Singh II of Jaipur on the orders of Mughal Emperor Muhammad Shah to revise and verify astronomical tables (Zij) and track the orbits of the sun, moon, and planets. Key instruments include the massive Samrat Yantra (giant sundial accurate to two seconds), Jai Prakash Yantra, Ram Yantra, and Misra Yantra. It remains a marvel of 18th-century scientific engineering.",Dramatic geometric profile of the 21-meter high Samrat Yantra sundial gnomon angled against the sky.,images/8/image 1.jpg,images/8/image 2.jpg,images/8/image 3.jpg,images/8/image 4.jpg,images/8/image 5.jpg,"Sansad Marg, Connaught Place, New Delhi",October to March (Midday when sundials cast clear solar shadows),"₹20 (Indians), ₹250 (Foreigners)",4.4,28.6271,77.2165,Archaeological Survey of India (ASI),"Name: Jantar Mantar. Category: Historical Astronomical Observatory. Description: An open-air astronomical observatory consisting of 13 architectural masonry instruments designed to track celestial movements and calculate solar time.. Location: Sansad Marg, Connaught Place, New Delhi. Best Time: October to March (Midday when sundials cast clear solar shadows)."
9,Rajon ki Baoli,Heritage & Leisure,Historical Stepwell / Medieval Architecture,"A four-tier medieval stepwell located deep inside Mehrauli Archaeological Park, celebrated for its intricate pillared arcades and peaceful ambiance.","Constructed in 1506 AD by Daulat Khan during the reign of Sultan Sikandar Lodi. The name 'Rajon ki Baoli' derives from the masons (raj-mistris) who used its chambers. The complex includes an adjoining mosque and a canopy tomb with incised plaster decoration, representing refined late-Sultanate water-management architecture.",Descending view of the symmetrical tiered arcades reflected in the deep emerald-green water reservoir.,images/9/image_1.jpeg,images/9/image_2.jpeg,images/9/image_3.jpg,images/9/image_4.jpeg,images/9/image_5.jpg,"Mehrauli Archaeological Park, South Delhi",October to March (Morning 8:00 AM – 11:00 AM),Free,4.5,28.5196,77.181,Archaeological Survey of India (ASI),"Name: Rajon ki Baoli. Category: Historical Stepwell / Medieval Architecture. Description: A four-tier medieval stepwell located deep inside Mehrauli Archaeological Park, celebrated for its intricate pillared arcades and peaceful ambiance.. Location: Mehrauli Archaeological Park, South Delhi. Best Time: October to March (Morning 8:00 AM – 11:00 AM)."
10,Sanjay Lake,Lakes & Water Bodies,Lake / Urban Wetland & Eco-Park,A vast 17-hectare artificial freshwater lake surrounded by a 69-hectare green woodland park that serves as a vital ecological and recreational lung for East Delhi.,"Developed in the 1970s by the Delhi Development Authority (DDA) to capture and manage urban rainwater runoff and create a recreational wetland ecosystem. It regularly attracts over 50 species of resident and migratory waterfowl, including spot-billed ducks, shovellers, common teals, and pintails during winter months. A modern adventure sports park and waterfront promenade were integrated to promote eco-tourism.",Lakeside waterfront promenade looking across the expansive water body as migratory birds skim the sunset reflection.,images/10/image 1.jpg,images/10/image 2.jpg,images/10/image 3.jpg,images/10/image 4.jpg,images/10/image 5.jpg,"Trilokpuri / Mayur Vihar Phase II, East Delhi",October to March (Morning 6:00 AM – 9:00 AM for bird watching or sunset),Free (Adventure park activities ticketed separately),4.2,28.6145,77.3032,Delhi Development Authority (DDA) / Eco-Tourism Division,"Name: Sanjay Lake. Category: Lake / Urban Wetland & Eco-Park. Description: A vast 17-hectare artificial freshwater lake surrounded by a 69-hectare green woodland park that serves as a vital ecological and recreational lung for East Delhi.. Location: Trilokpuri / Mayur Vihar Phase II, East Delhi. Best Time: October to March (Morning 6:00 AM – 9:00 AM for bird watching or sunset)."
11,Bhalswa Lake (Horseshoe Lake),Lakes & Water Bodies,Lake / Natural Oxbow Water Body,"One of Delhi's largest natural oxbow lakes formed by the meandering Yamuna River, featuring water sports, boating, and wetland ecology.","Originally formed hundreds of years ago as an oxbow lake by the changing natural course of the Yamuna River. In the late 20th century, the Delhi Administration developed water sports, kayaking, and a golf course around its banks. The wetland is being revived through extensive ecological restoration to re-establish native aquatic flora, recharge groundwater, and support winter migratory birds.",Water-level panoramic viewpoint overlooking the horseshoe curve of the open lake during winter morning mist.,images/11/image 1.jpg,images/11/image 2.jpg,images/11/image 3.jpg,images/11/image 4.jpg,images/11/image 5.jpg,"Bhalswa Jahangirpuri, North Delhi (Near Outer Ring Road)",November to February (Morning 7:00 AM – 10:00 AM),Free (Boating tariff as per counter),4.1,28.7412,77.165,Delhi Tourism & Transportation Development Corporation (DTTDC),"Name: Bhalswa Lake (Horseshoe Lake). Category: Lake / Natural Oxbow Water Body. Description: One of Delhi's largest natural oxbow lakes formed by the meandering Yamuna River, featuring water sports, boating, and wetland ecology.. Location: Bhalswa Jahangirpuri, North Delhi (Near Outer Ring Road). Best Time: November to February (Morning 7:00 AM – 10:00 AM)."
12,Naini Lake (Model Town),Lakes & Water Bodies,Lake / Urban Boating Lake & Promenade,"A picturesque urban lake in North Delhi nestled in Model Town, famous for pedal boating, scenic walking tracks, and illuminated fountains.","Maintained and rejuvenated by the Delhi Tourism and Municipal Corporation, Naini Lake was structured to provide a leisure and boating sanctuary in North Delhi. Named reminiscently after the famous lake in Nainital, it features weeping willows along the banks, aerating fountains that maintain water quality, and an evening-lit paved running track popular with residents.",Center-lake perspective from a pedal boat looking toward the fountain display and surrounding weeping willow trees.,images/12/image 1.jpg,images/12/image 2.jpg,images/12/image 3.jpg,images/12/image 4.jpg,images/12/image 5.jpg,"Model Town II, North Delhi",October to March (4:00 PM – 7:30 PM for sunset boating),₹20 for park entry; boating ₹100–₹150,4.2,28.7042,77.1918,Delhi Tourism (DTTDC),"Name: Naini Lake (Model Town). Category: Lake / Urban Boating Lake & Promenade. Description: A picturesque urban lake in North Delhi nestled in Model Town, famous for pedal boating, scenic walking tracks, and illuminated fountains.. Location: Model Town II, North Delhi. Best Time: October to March (4:00 PM – 7:30 PM for sunset boating)."
13,Hauz Khas Lake & Royal Tank (Hauz-i-Alai),Lakes & Water Bodies,Historical Water Reservoir & Lake,"A monumental medieval lake and royal reservoir flanked by the two-storey madrasa, pavilions, and the tomb of Firoz Shah Tughlaq.","Excavated in 1295 AD by Sultan Alauddin Khilji under the name 'Hauz-i-Alai' (Royal Tank) to supply drinking water to the nearby Siri Fort garrison. Silted up by the mid-14th century, Sultan Firoz Shah Tughlaq desilted the reservoir around 1352 AD, constructing a magnificent L-shaped theological Islamic seminary (Madrasa) and his own sandstone tomb along its eastern and northern shores. In the modern era, the lake was revitalized with aerating bio-remediation systems.",Elevated view from the upper arched colonnade of the Firoz Shah Madrasa looking across the serene water lake and surrounding forest canopy.,images/13/image 1.jpg,images/13/image 2.jpg,images/13/image 3.jpg,images/13/image 4.jpg,images/13/image 5.jpg,"Hauz Khas Village, South Delhi",October to March (Morning 7:30 AM or sunset 5:00 PM),"₹25 (Indians), ₹300 (Foreigners)",4.5,28.5528,77.1942,Archaeological Survey of India (ASI) / INTACH,"Name: Hauz Khas Lake & Royal Tank (Hauz-i-Alai). Category: Historical Water Reservoir & Lake. Description: A monumental medieval lake and royal reservoir flanked by the two-storey madrasa, pavilions, and the tomb of Firoz Shah Tughlaq.. Location: Hauz Khas Village, South Delhi. Best Time: October to March (Morning 7:30 AM or sunset 5:00 PM)."
14,Neela Hauz Lake,Lakes & Water Bodies,Lake / Eco-Restoration Wetland,A historic natural lake restored into a lush wetland sanctuary using constructed bio-filtering wetland systems and native flora.,"Historically served as an essential freshwater depression capturing runoff from the South Delhi Aravalli Ridge to supply drinking water to Rajput rulers in Qila Rai Pithora. In 2014–2016, following degradation from road construction, Delhi Development Authority and scientists from the Centre for Environmental Management of Degraded Ecosystems (CEMDE) implemented constructed wetlands that naturally treat millions of liters of water per day, converting it into a thriving wetland habitat for kingfishers and cormorants.",Walking bridge viewpoint overlooking the bio-gravel wetland filter beds with the shimmering blue water and water lilies in the foreground.,images/14/Image_1.jpg,images/14/Image_2.jpg,images/14/Image_3.jpg,images/14/Image_4.jpg,images/14/Image_5.jpg,"Aruna Asaf Ali Marg, Near Vasant Kunj & Sanjay Van, South Delhi",October to March (Morning 6:30 AM – 9:30 AM for tranquility and bird watching),Free,4.3,28.5385,77.1687,DDA / CEMDE Eco-Restoration Group,"Name: Neela Hauz Lake. Category: Lake / Eco-Restoration Wetland. Description: A historic natural lake restored into a lush wetland sanctuary using constructed bio-filtering wetland systems and native flora.. Location: Aruna Asaf Ali Marg, Near Vasant Kunj & Sanjay Van, South Delhi. Best Time: October to March (Morning 6:30 AM – 9:30 AM for tranquility and bird watching)."
15,Neelkanth Lake (Asola Bhatti Mines),Lakes & Water Bodies,Lake / Hidden Nature Canyon Lake,A deep emerald-blue lake nestled inside the former red-rock quartzite quarries of the Asola Bhatti Wildlife Sanctuary.,"Formed naturally in the late 1980s when abandoned silica and red-sand open-pit mining quarries accumulated deep groundwater and monsoon rainwater. Following the closure of mining and the establishment of the Asola Bhatti Wildlife Sanctuary in 1991, the Delhi Forest Department and Bombay Natural History Society (BNHS) conserved these water bodies as vital watering grounds for leopards, golden jackals, striped hyenas, and blackbucks.",High rocky ridge cliff overlooking the deep turquoise-blue water basin surrounded by sheer reddish Aravalli cliffs.,images/15/Image_1.jpg,images/15/Image_2.jpg,images/15/Image_3.jpg,images/15/Image_4.jpg,images/15/Image_5.jpg,"Asola Bhatti Wildlife Sanctuary, Tughlakabad / Surajkund border, South Delhi",October to February (Early morning Eco-trails & cycling tours with BNHS guide),"Sanctuary entry ₹20 (Indians), ₹100 (Foreigners)",4.4,28.4906,77.2581,Delhi Department of Forests and Wildlife / BNHS,"Name: Neelkanth Lake (Asola Bhatti Mines). Category: Lake / Hidden Nature Canyon Lake. Description: A deep emerald-blue lake nestled inside the former red-rock quartzite quarries of the Asola Bhatti Wildlife Sanctuary.. Location: Asola Bhatti Wildlife Sanctuary, Tughlakabad / Surajkund border, South Delhi. Best Time: October to February (Early morning Eco-trails & cycling tours with BNHS guide)."
16,Najafgarh Jheel (Wetland & Bird Habitat),Lakes & Water Bodies,Lake / Wetland & Birding Hotspot,A sprawling trans-boundary seasonal lake and wetland on the Delhi-Haryana border hosting hundreds of thousands of migratory birds.,"Historically a massive natural lake covering over 220 square kilometers that received overflow from the Sahibi River and drained into the Yamuna. Documented by British surveyor Major Colvin in the 1830s, the wetland once hosted Siberian cranes, flamingos, and pelicans. In recent years, environmental tribunals and wetland conservation authorities have designated it as a protected trans-boundary eco-sensitive wetland.",Expansive horizon view across the marshy wetlands filled with flocks of greater flamingos and painted storks at dawn.,images/16/Image_1.jpg,images/16/Image_2.jpg,images/16/Image_3.jpg,images/16/Image_4.jpg,images/16/Image_5.jpg,"Najafgarh Basin, South West Delhi Border",November to February (Sunrise bird-watching expeditions),Free,4.3,28.514,76.953,Wetlands International / Delhi Forest Department,"Name: Najafgarh Jheel (Wetland & Bird Habitat). Category: Lake / Wetland & Birding Hotspot. Description: A sprawling trans-boundary seasonal lake and wetland on the Delhi-Haryana border hosting hundreds of thousands of migratory birds.. Location: Najafgarh Basin, South West Delhi Border. Best Time: November to February (Sunrise bird-watching expeditions)."
17,Surajkund Lake (Sun Pool),Lakes & Water Bodies,Historical Lake & Amphitheatre / Heritage,"A 10th-century semi-circular amphitheatre-shaped stepped stone reservoir built in the backdrop of the Aravalli hills, famous for the annual International Crafts Mela.","Constructed in the 10th century by Tomar King Suraj Pal, whose family worshipped the Sun God (Surya). Built with stepped stone masonry rising like a Roman amphitheatre, it was engineered to capture rainwater cascading down the Aravalli hills. An ancient Sun Temple stood near its western embankment. It hosts the internationally renowned Surajkund International Crafts Mela every February.",Stepped stone amphitheatre curve surrounding the water reservoir against the rugged backdrop of the Aravalli hills.,images/17/Image _1.jpg,images/17/Image_2.jpg,images/17/Image_3.jpg,images/17/Image_4.jpg,images/17/Image_5.jpg,"Surajkund, Delhi-NCR Border (Adjacent to Tughlaqabad & South Delhi)",October to March (Especially February during the International Crafts Mela),"₹20 (Regular days), ₹120–₹180 (During Surajkund Mela)",4.4,28.4867,77.2831,Haryana Tourism / ASI Heritage Division,"Name: Surajkund Lake (Sun Pool). Category: Historical Lake & Amphitheatre / Heritage. Description: A 10th-century semi-circular amphitheatre-shaped stepped stone reservoir built in the backdrop of the Aravalli hills, famous for the annual International Crafts Mela.. Location: Surajkund, Delhi-NCR Border (Adjacent to Tughlaqabad & South Delhi). Best Time: October to March (Especially February during the International Crafts Mela)."
18,Damdama Lake,Lakes & Water Bodies,Lake / Scenic Natural Water Body & Adventure Hub,"A sprawling natural freshwater lake nestled in a valley of the Aravalli hills, renowned for boating, rock climbing, and camping.","Formed in 1947 when a stone-and-earthen dam was constructed by the British administration for rainwater harvesting. Over decades, it evolved into one of the largest natural lakes in the Delhi NCR region, fed by monsoon streams running down the Aravalli ranges. It supports over 190 species of migratory and native birds such as water fowls, cranes, and kingfishers.",Wide angle view across the calm blue lake waters with traditional rowboats resting against the backdrop of rolling Aravalli ridge hills.,images/18/Image_1.jpg,images/18/Image_2.jpg,images/18/Image_3.jpg,images/18/Image_4.jpg,images/18/Image_5.jpg,"Damdama, Off Sohna Road, Delhi-NCR","October to March (Pleasant weather for boating, kayaking, and camping)",Free (Boating and adventure activities ticketed separately),4.3,28.3032,77.0601,Haryana Tourism / NCR Eco-Tourism Development,"Name: Damdama Lake. Category: Lake / Scenic Natural Water Body & Adventure Hub. Description: A sprawling natural freshwater lake nestled in a valley of the Aravalli hills, renowned for boating, rock climbing, and camping.. Location: Damdama, Off Sohna Road, Delhi-NCR. Best Time: October to March (Pleasant weather for boating, kayaking, and camping)."
19,Purana Qila Lake & Moat,Lakes & Water Bodies,Lake / Historical Moat & Boating Spot,"A scenic historical water moat flanking the towering battlements of the 16th-century Purana Qila fort, providing recreational boating and heritage views.","Originally part of the protective defensive moat system and ancient course of the Yamuna River that shielded the western perimeter of Dinpanah / Purana Qila. In the late 20th century, the lake was revitalized with aeration, fountains, and pedal-boating facilities, allowing visitors to view the massive bastion walls and Bada Darwaza from the water.",Pedal-boat perspective gazing up at the massive stone battlements and Talaqi Gate reflected in the shimmering water.,images/19/Image_1.jpg,images/19/Image_2.jpg,images/19/Image_3.jpg,images/19/Image_4.jpg,images/19/Image_5.jpg,"Mathura Road, Next to National Zoological Park, New Delhi",October to March (Late afternoon 3:30 PM – 5:30 PM),₹20 for fort complex; boating approx ₹100,4.4,28.6085,77.245,Archaeological Survey of India (ASI) / Delhi Tourism,"Name: Purana Qila Lake & Moat. Category: Lake / Historical Moat & Boating Spot. Description: A scenic historical water moat flanking the towering battlements of the 16th-century Purana Qila fort, providing recreational boating and heritage views.. Location: Mathura Road, Next to National Zoological Park, New Delhi. Best Time: October to March (Late afternoon 3:30 PM – 5:30 PM)."
20,Lodhi Garden,"Open Fields, Gardens & Nature",Garden / Open Heritage Park,"A 90-acre lush heritage garden featuring 15th-century tombs of the Sayyid and Lodi dynasties, landscaped lawns, walking tracks, and ancient stone bridges.","Originally developed around the tombs of Mohammed Shah (1444) and Sikandar Lodi (1517), as well as the Sheesh Gumbad and Bara Gumbad. In 1936, the British landscaped the area as 'Lady Willingdon Park'. Following Independence, legendary landscape architect Joseph Allen Stein and Garrett Eckbo remodeled it in 1968 into a botanical public garden featuring the Athpula (eight-piered) bridge built during Akbar's reign.",The soaring Bara Gumbad and mosque seen across the expansive manicured green lawns and vibrant flower beds.,images/20/Image_1.jpg,images/20/Image_2.jpg,images/20/Image_3.jpg,images/20/Image_4.jpg,images/20/Image_5.jpg,"Lodhi Road, Near Khan Market, New Delhi",October to March (Morning 6:00 AM – 9:00 AM or evening strolls),Free,4.6,28.5931,77.2197,New Delhi Municipal Council (NDMC) / ASI,"Name: Lodhi Garden. Category: Garden / Open Heritage Park. Description: A 90-acre lush heritage garden featuring 15th-century tombs of the Sayyid and Lodi dynasties, landscaped lawns, walking tracks, and ancient stone bridges.. Location: Lodhi Road, Near Khan Market, New Delhi. Best Time: October to March (Morning 6:00 AM – 9:00 AM or evening strolls)."
21,Sunder Nursery,"Open Fields, Gardens & Nature",Garden / UNESCO Heritage Eco-Park,"A 90-acre 16th-century heritage park and botanical arboretum containing 15 conserved Mughal monuments, micro-habitat forests, and marble water fountains.","Established during the Mughal era in the 16th century as 'Azim Bagh'. In the early 20th century during the construction of New Delhi, the British converted it into a nursery ('Sunder Nursery') to propagate saplings for Lutyens' Delhi avenues. Between 2007 and 2018, the Aga Khan Trust for Culture (AKTC) transformed the site into Delhi's premier ecological heritage arboretum, conserving monuments like Sunderwala Burj and Lakkarwala Burj.",Central geometric water channel vista stretching towards the restored Sunderwala Burj dome framed by blooming seasonal flowerbeds.,images/21/Image_1.jpg,images/21/Image_2.jpg,images/21/Image_3.jpg,images/21/Image_4.jpg,images/21/Image_5.jpg,"Opposite Humayun's Tomb, Nizamuddin, New Delhi",October to March (Weekend mornings for organic markets and picnics),"₹40 (Indians), ₹80 (Foreigners)",4.7,28.5912,77.2465,Aga Khan Trust for Culture (AKTC) / CPWD,"Name: Sunder Nursery. Category: Garden / UNESCO Heritage Eco-Park. Description: A 90-acre 16th-century heritage park and botanical arboretum containing 15 conserved Mughal monuments, micro-habitat forests, and marble water fountains.. Location: Opposite Humayun's Tomb, Nizamuddin, New Delhi. Best Time: October to March (Weekend mornings for organic markets and picnics)."
22,Garden of Five Senses,"Open Fields, Gardens & Nature",Garden / Leisure & Public Art Park,"A 20-acre experiential public park designed to stimulate the five senses with thematic gardens, solar energy parks, water cascades, and stone sculptures.","Inaugurated in February 2003 by the Delhi Tourism and Transportation Development Corporation (DTTDC). Designed by architect Pradeep Sachdeva on rocky Aravalli terrain, the park is divided into distinct zones including Khas Bagh (formal Mughal garden pattern), Neel Bagh (water lily pools), the Solar Energy Park, and bell trees with chime sculptures.",Central spiral pathway leading to the stainless steel bell tree art installations against flowering terracotta flower terraces.,images/22/Image_1.jpg,images/22/Image_2.jpg,images/22/Image_3.jpg,images/22/Image_4.jpg,images/22/Image_5.jpg,"Said-ul-Ajaib, Near Saket Metro Station, South Delhi",October to March (Especially February during the Annual Delhi Garden Tourism Festival),"₹35 (Adults), ₹15 (Children / Seniors)",4.3,28.5148,77.2028,Delhi Tourism (DTTDC),"Name: Garden of Five Senses. Category: Garden / Leisure & Public Art Park. Description: A 20-acre experiential public park designed to stimulate the five senses with thematic gardens, solar energy parks, water cascades, and stone sculptures.. Location: Said-ul-Ajaib, Near Saket Metro Station, South Delhi. Best Time: October to March (Especially February during the Annual Delhi Garden Tourism Festival)."
23,Aravalli Biodiversity Park,"Open Fields, Gardens & Nature",Open Field / Forest & Biodiversity Reserve,"A 692-acre restored ecological wilderness reserve preserving the native flora, fauna, and rocky ridges of the ancient Aravalli hill ecosystem.","Established in 2004 through a joint ecological restoration initiative by the Delhi Development Authority (DDA) and Delhi University CEMDE under Prof. C.R. Babu. Formerly heavily mined and infested with invasive Vilayati Kikar (Prosopis juliflora), it has been transformed into a self-sustaining native forest harboring over 200 species of native trees, shrubs, and rich wildlife including nilgai, porcupines, and 190+ bird species.",Elevated view from the rocky ridge trail looking across miles of native Dhau tree canopy extending towards the horizon.,images/23/Image_1.jpg,images/23/Image_2.jpg,images/23/Image_3.jpg,images/23/Image_4.jpg,images/23/Image_5.jpg,"Vasant Kunj / Mahipalpur, South Delhi",October to March (Morning 6:30 AM – 9:30 AM for nature walks and birding),Free (Guided educational walks available),4.5,28.5467,77.1458,DDA / Centre for Environmental Management of Degraded Ecosystems,"Name: Aravalli Biodiversity Park. Category: Open Field / Forest & Biodiversity Reserve. Description: A 692-acre restored ecological wilderness reserve preserving the native flora, fauna, and rocky ridges of the ancient Aravalli hill ecosystem.. Location: Vasant Kunj / Mahipalpur, South Delhi. Best Time: October to March (Morning 6:30 AM – 9:30 AM for nature walks and birding)."
24,Yamuna Biodiversity Park,Lakes & Water Bodies,Open Field / Wetland & Forest Ecological Preserve,A 457-acre wetland and river floodplain ecological sanctuary in North Delhi preserving historic Yamuna river ecosystems and bird breeding grounds.,"Developed in 2002 by the DDA in collaboration with the CEMDE to restore degraded floodplains of the Yamuna River. The park features two main zones: a visitor zone with conservatory wetlands and grasslands, and an active flood plain zone supporting rare flora and migratory birds such as red-crested pochards, tufted ducks, and Eurasian wigeons.",Panoramic observation deck view looking out over the primary wetland pond surrounded by reedbeds and aquatic fowl.,images/24/Image_1.jpg,images/24/Image_2.jpg,images/24/Image_3.jpg,images/24/Image_4.jpg,images/24/Image_5.jpg,"Near Wazirabad Village, Jagatpur, North Delhi",November to February (Morning 8:00 AM – 11:00 AM for guided nature tours),Free (Prior booking for guided group tours recommended),4.5,28.7554,77.2319,DDA Biodiversity Parks Programme,"Name: Yamuna Biodiversity Park. Category: Open Field / Wetland & Forest Ecological Preserve. Description: A 457-acre wetland and river floodplain ecological sanctuary in North Delhi preserving historic Yamuna river ecosystems and bird breeding grounds.. Location: Near Wazirabad Village, Jagatpur, North Delhi. Best Time: November to February (Morning 8:00 AM – 11:00 AM for guided nature tours)."
25,Swarn Jayanti Park (Japanese Park),Lakes & Water Bodies,Open Field / Urban Mega Park & Lake,"A sprawling 250-acre recreational park in Rohini featuring lush open green meadows, boating lakes, jogging tracks, and Japanese-style landscaping.","Developed by the Delhi Development Authority in the late 1990s to celebrate 50 years of Indian Independence (Swarna Jayanti). The park is locally known as 'Japanese Park' due to its clean aesthetic, rock gardens, and bamboo groves. It features multi-acre open grassy lawns, a playground zone, and multiple artificial lakes supporting boating.",Expansive view of the main central lawn meadow stretching towards the boating lake and arched bridges.,images/25/Image_1.jpg,images/25/Image_2.jpg,images/25/Image_3.jpg,images/25/Image_4.jpg,images/25/Image_5.jpg,"Sector 10, Rohini, North West Delhi",October to March (Morning 6:00 AM – 9:00 AM or late afternoon picnics),Free,4.4,28.7145,77.1147,Delhi Development Authority (DDA),"Name: Swarn Jayanti Park (Japanese Park). Category: Open Field / Urban Mega Park & Lake. Description: A sprawling 250-acre recreational park in Rohini featuring lush open green meadows, boating lakes, jogging tracks, and Japanese-style landscaping.. Location: Sector 10, Rohini, North West Delhi. Best Time: October to March (Morning 6:00 AM – 9:00 AM or late afternoon picnics)."
26,Central Park (Connaught Place),"Open Fields, Gardens & Nature",Open Field / Urban Landmark & Public Garden,"A famous 4-acre circular open green park situated at the epicenter of Connaught Place, featuring the monumental Indian Tricolor and musical water fountains.","Created during the construction of Connaught Place in the 1930s as the focal roundabout hub of Edwin Lutyens and Robert Tor Russell's imperial master plan. Extensively reconstructed atop Rajiv Chowk Metro station in 2005–2006, the park features a 207-foot monumental national flag mast inaugurated in 2014, making it a focal venue for cultural festivals and open-air musical concerts.","Looking up at the 207-foot giant Indian National Flag waving above the circular lawns, framed by colonial white colonnades of Connaught Place.",images/26/image_1.jpg,images/26/image_2.jpg,images/26/image_3.jpg,images/26/image_4.jpg,images/26/image_5.jpg,"Inner Circle, Connaught Place, New Delhi",Year-round (Evenings 5:30 PM – 8:30 PM during musical fountain shows),Free,4.5,28.6328,77.2195,New Delhi Municipal Council (NDMC),"Name: Central Park (Connaught Place). Category: Open Field / Urban Landmark & Public Garden. Description: A famous 4-acre circular open green park situated at the epicenter of Connaught Place, featuring the monumental Indian Tricolor and musical water fountains.. Location: Inner Circle, Connaught Place, New Delhi. Best Time: Year-round (Evenings 5:30 PM – 8:30 PM during musical fountain shows)."
27,Deer Park (A.N. Jha Deer Park),"Open Fields, Gardens & Nature",Open Field / Park & Wildlife Sanctuary,"A peaceful 60-acre green park housing spotted deer enclosures, duck lakes, peacocks, and medieval monuments connecting directly to Hauz Khas Lake.","Named in memory of prominent civil servant Aditya Nath Jha, this park was established in the 1960s to protect the green corridor between Hauz Khas and Safdarjung Enclave. It contains several Lodi and Mughal era structures, including Bagh-i-Alam Gumbad and Kali Gumti, along with breeding enclosures for spotted deer (chital) and roaming peacocks.",Spotted deer grazing in the grassy open field under shady neem trees with medieval domed tombs in the background.,images/27/image_1.jpeg,images/27/image_2.jpeg,images/27/image_3.jpeg,images/27/image_4.jpg,images/27/image_5.JPG,"Hauz Khas / Safdarjung Enclave, South Delhi",October to March (Morning 6:00 AM – 9:00 AM for bird and deer sightings),Free,4.4,28.5562,77.195,Delhi Development Authority (DDA),"Name: Deer Park (A.N. Jha Deer Park). Category: Open Field / Park & Wildlife Sanctuary. Description: A peaceful 60-acre green park housing spotted deer enclosures, duck lakes, peacocks, and medieval monuments connecting directly to Hauz Khas Lake.. Location: Hauz Khas / Safdarjung Enclave, South Delhi. Best Time: October to March (Morning 6:00 AM – 9:00 AM for bird and deer sightings)."
28,Millennium Indraprastha Park,"Open Fields, Gardens & Nature",Open Field / Grand Urban Park & Peace Stupa,An 85-acre landscaped urban park along the Ring Road featuring expansive undulating green mounds and the shining white Vishwa Shanti Stupa.,"Inaugurated in the year 2000 by the Delhi Development Authority to commemorate the new millennium. Formerly an ash dump site, it underwent massive ecological landscaping into rolling green hills, bamboo thickets, and rose gardens. In 2007, the majestic Vishwa Shanti Stupa (World Peace Pagoda) was inaugurated inside the park by His Holiness the Dalai Lama.",The pristine white dome and golden spire of the Vishwa Shanti Stupa rising majestically over the green grass mounds.,images/28/image_1.jpeg,images/28/image_2.jpeg,images/28/image_3.jpeg,images/28/image_4.jpeg,images/28/image_5.jpeg,"Outer Ring Road, Sarai Kale Khan, South East Delhi",October to March (Late afternoon sunset 4:30 PM – 6:30 PM),Free,4.3,28.5986,77.2568,Delhi Development Authority (DDA),"Name: Millennium Indraprastha Park. Category: Open Field / Grand Urban Park & Peace Stupa. Description: An 85-acre landscaped urban park along the Ring Road featuring expansive undulating green mounds and the shining white Vishwa Shanti Stupa.. Location: Outer Ring Road, Sarai Kale Khan, South East Delhi. Best Time: October to March (Late afternoon sunset 4:30 PM – 6:30 PM)."
29,Coronation Park (Durbar Ground),"Open Fields, Gardens & Nature",Historical Open Field / Memorial Park,"The historic open ground where the British Imperial Durbars of 1877, 1903, and 1911 were celebrated, featuring the monumental King George V statue.","Site of the three historic Delhi Durbars: Queen Victoria proclaimed Empress of India in 1877, Edward VII's coronation in 1903, and King George V's grand coronation durbar on 12 December 1911 when the transfer of India's capital from Calcutta to Delhi was officially declared. After Independence, colonial statues from across New Delhi, including the 70-foot tall marble statue of King George V, were relocated here.",The towering King George V marble obelisk and statue standing tall above the vast open Durbar plains.,images/29/image_1.JPG,images/29/image_2.jpg,images/29/image_3.jpg,images/29/image_4.jpg,images/29/image_5.JPG,"Burari Road, Bhai Parmanand Colony, North Delhi",October to March (Morning 8:00 AM – 11:00 AM),Free,4.1,28.7208,77.1994,Delhi Development Authority (DDA) / INTACH,"Name: Coronation Park (Durbar Ground). Category: Historical Open Field / Memorial Park. Description: The historic open ground where the British Imperial Durbars of 1877, 1903, and 1911 were celebrated, featuring the monumental King George V statue.. Location: Burari Road, Bhai Parmanand Colony, North Delhi. Best Time: October to March (Morning 8:00 AM – 11:00 AM)."
30,Jahanpanah City Forest,"Open Fields, Gardens & Nature",Open Field / Urban Forest & Wilderness Track,A dense 435-acre urban deciduous forest offering nearly 7 kilometers of paved wilderness running tracks and wildlife canopy in South Delhi.,"Occupies part of the historical territory of Jahanpanah ('Refuge of the World'), the fourth medieval city of Delhi established in 1326–1327 by Muhammad bin Tughlaq to bridge Siri Fort and Qila Rai Pithora. Protected and maintained by the DDA, this preserved urban forest is densely populated with native Keekar, Neem, and Peepal trees, providing refuge to peacocks, nilgai, and migratory birds.",Sun-dappled cobblestone jogging trail winding through thick green forest canopy at dawn.,images/30/image_1.jpeg,images/30/image_2.avif,images/30/image_3.jpeg,images/30/image_4.jpg,images/30/image_5.jpeg,"Greater Kailash II / Chirag Delhi / Alaknanda, South Delhi",October to March (Early morning 5:30 AM – 8:30 AM for fitness & fresh air),Free,4.4,28.5303,77.2348,Delhi Development Authority (DDA),"Name: Jahanpanah City Forest. Category: Open Field / Urban Forest & Wilderness Track. Description: A dense 435-acre urban deciduous forest offering nearly 7 kilometers of paved wilderness running tracks and wildlife canopy in South Delhi.. Location: Greater Kailash II / Chirag Delhi / Alaknanda, South Delhi. Best Time: October to March (Early morning 5:30 AM – 8:30 AM for fitness & fresh air)."
31,Talkatora Garden,"Open Fields, Gardens & Nature",Garden / Historical Open Field Park,"A historic Mughal-era garden situated in Central Delhi featuring terraced lawns, water cascades, and a bowl-shaped sunken amphitheatre reservoir.","Dates back to the Mughal period when it featured a natural tank (Tal) shaped like a bowl (Katora) and served as an imperial campsite. In 1738, the historic Battle of Delhi between the Maratha Empire led by Peshwa Baji Rao I and the Mughal forces took place here. In modern times, the NDMC developed it into an ornamental garden featuring blooming flowerbeds and the adjacent Talkatora Indoor Stadium.",Terraced manicured flower gardens looking down toward the central ornamental water pool and curved pavilions.,images/31/image_1.jpeg,images/31/image_2.jpeg,images/31/image_3.jpeg,images/31/image_4.jpeg,images/31/image_5.jpeg,"Willingdon Crescent, President's Estate, Central New Delhi",October to March (Morning 6:00 AM – 9:00 AM or spring flower season),Free,4.4,28.6198,77.1902,New Delhi Municipal Council (NDMC),"Name: Talkatora Garden. Category: Garden / Historical Open Field Park. Description: A historic Mughal-era garden situated in Central Delhi featuring terraced lawns, water cascades, and a bowl-shaped sunken amphitheatre reservoir.. Location: Willingdon Crescent, President's Estate, Central New Delhi. Best Time: October to March (Morning 6:00 AM – 9:00 AM or spring flower season)."
32,Roshanara Bagh,"Open Fields, Gardens & Nature",Garden / Historical Mughal Pleasure Garden,"A historic 17th-century Mughal pleasure garden laid out by Shah Jahan's daughter Roshanara Begum, housing her marble pavilion tomb and cricket grounds.","Laid out in 1650 by Princess Roshanara Begum, the brilliant younger daughter of Mughal Emperor Shah Jahan and Mumtaz Mahal. After supporting Aurangzeb during the war of succession, she retired to this garden palace where her open marble-pillared tomb remains today. In 1928, the historic Roshanara Club within the gardens witnessed the founding of the Board of Control for Cricket in India (BCCI).",The intricately carved white marble Baradari pavilion tomb surrounded by ancient banyan trees and rose bushes.,images/32/image 1.jpg,images/32/image 2.jpg,images/32/image 3.jpg,images/32/image 4.jpg,images/32/image 5.jpg,"Malka Ganj / Kamla Nagar, North Delhi",October to March (Morning 7:00 AM – 10:00 AM),Free,4.2,28.6715,77.2001,Archaeological Survey of India (ASI) / North DMC,"Name: Roshanara Bagh. Category: Garden / Historical Mughal Pleasure Garden. Description: A historic 17th-century Mughal pleasure garden laid out by Shah Jahan's daughter Roshanara Begum, housing her marble pavilion tomb and cricket grounds.. Location: Malka Ganj / Kamla Nagar, North Delhi. Best Time: October to March (Morning 7:00 AM – 10:00 AM)."
33,"Amrit Udyan (Mughal Gardens, Rashtrapati Bhavan)","Open Fields, Gardens & Nature",Garden / Presidential Heritage Gardens,"The world-famous 15-acre presidential garden blending Mughal Charbagh layouts with English country florals, boasting 150+ varieties of rare roses.","Designed in 1917 by Sir Edwin Lutyens for the Viceroy's House in collaboration with director of horticulture William Mustoe. Combining classic Islamic four-quadrant canal architecture with tiered circular English herbaceous terraces, it features East and West lawns, the Purdah Garden, Musical Garden, and Circular Sunken Garden. In January 2023, it was officially renamed 'Amrit Udyan' as part of Azadi ka Amrit Mahotsav.",Direct perspective of the majestic Rashtrapati Bhavan central dome overlooking tiered beds of multicolored blooming Dutch tulips and roses.,images/33/image 1.jpg,images/33/image 2.jpg,images/33/image 3.jpg,images/33/image 4.jpg,images/33/image 5.jpg,"Rashtrapati Bhavan, Raisina Hill, New Delhi",February to March during annual public opening season (Udyan Utsav),Free (Online registration on Rashtrapati Bhavan portal required),4.8,28.6143,77.197,"President's Secretariat, Rashtrapati Bhavan","Name: Amrit Udyan (Mughal Gardens, Rashtrapati Bhavan). Category: Garden / Presidential Heritage Gardens. Description: The world-famous 15-acre presidential garden blending Mughal Charbagh layouts with English country florals, boasting 150+ varieties of rare roses.. Location: Rashtrapati Bhavan, Raisina Hill, New Delhi. Best Time: February to March during annual public opening season (Udyan Utsav)."
34,Waste to Wonder Theme Park,"Open Fields, Gardens & Nature",Open Field / Eco-Theme Park & Public Art,An eco-friendly open-air theme park showcasing full-scale replicas of the Seven Wonders of the World crafted entirely from 150 tons of industrial scrap metal.,"Inaugurated in February 2019 by the South Delhi Municipal Corporation (SDMC). Created as a global pioneering example of waste management under the Swachh Bharat Abhiyan, sculptors fabricated life-size models of the Taj Mahal, Eiffel Tower, Statue of Liberty, Leaning Tower of Pisa, Christ the Redeemer, Colosseum, and Great Pyramid using scrap automobile parts, discarded iron sheets, and rusted pipes.",The 60-foot Eiffel Tower replica illuminated at dusk against the lush surrounding park lawns.,images/34/image 1.jpg,images/34/image 2.jpg,images/34/image 3.jpg,images/34/image 4.jpg,images/34/image 5.jpg,"Near Nizamuddin Railway Station, Sarai Kale Khan, New Delhi",October to March (Evening 5:00 PM – 9:00 PM for lighting effects),"₹50 (Adults), ₹25 (Children 3–12 yrs), Free for Senior Citizens",4.4,28.591,77.253,Municipal Corporation of Delhi (MCD),"Name: Waste to Wonder Theme Park. Category: Open Field / Eco-Theme Park & Public Art. Description: An eco-friendly open-air theme park showcasing full-scale replicas of the Seven Wonders of the World crafted entirely from 150 tons of industrial scrap metal.. Location: Near Nizamuddin Railway Station, Sarai Kale Khan, New Delhi. Best Time: October to March (Evening 5:00 PM – 9:00 PM for lighting effects)."
35,Bharat Darshan Park,"Open Fields, Gardens & Nature",Open Field / Cultural Scrap Art Park,An 8.5-acre open park displaying miniature replicas of 22 of India's most iconic historical monuments fabricated from 350 metric tonnes of waste metal.,"Inaugurated in December 2021 by the Municipal Corporation of Delhi. Built under the theme 'Waste to Wealth', artists used discarded vehicle parts, iron grills, and scrap metal to recreate monuments such as the Sun Temple of Konark, Qutub Minar, Hawa Mahal, Khajuraho Temple, Gateway of India, and Meenakshi Temple, powered exclusively through solar energy.",Illuminated nighttime panorama of the scrap-metal Konark Sun Temple chariot and wheels against landscaped fountains.,images/35/image 1.jpg,images/35/image 2.jpg,images/35/image 3.jpg,images/35/image 4.jpg,images/35/image 5.jpg,"Punjabi Bagh, West Delhi",October to March (Evening 5:00 PM – 9:30 PM with illumination),"₹100 (Adults daytime), ₹150 (Adults evening), ₹50 (Children)",4.4,28.672,77.135,Municipal Corporation of Delhi (MCD),"Name: Bharat Darshan Park. Category: Open Field / Cultural Scrap Art Park. Description: An 8.5-acre open park displaying miniature replicas of 22 of India's most iconic historical monuments fabricated from 350 metric tonnes of waste metal.. Location: Punjabi Bagh, West Delhi. Best Time: October to March (Evening 5:00 PM – 9:30 PM with illumination)."
36,Shalimar Bagh (Sheesh Mahal Park),"Open Fields, Gardens & Nature",Garden / Historical Mughal Royal Garden,A historic Mughal royal pleasure garden laid out in 1653 where Emperor Aurangzeb had himself crowned Emperor of India in 1658.,"Laid out in 1653 by Aizz-un-Nisa Begum, one of Shah Jahan's consorts, following the formal Kashmiri Mughal Charbagh design. It served as a royal country retreat along the Grand Trunk Road. Following his victory in the battle of succession, Emperor Aurangzeb held his grand imperial coronation ceremony here on 31 July 1658. The central Sheesh Mahal pavilion displays historic arches and faded floral frescoes.",The arched red-stone Sheesh Mahal pavilion framed by vintage mango orchards and central fountains.,images/36/image 1.jpg,images/36/image 2.jpg,images/36/image 3.jpg,images/36/image 4.jpg,images/36/image 5.jpg,"Shalimar Bagh, North West Delhi",October to March (Morning 7:30 AM – 10:30 AM),Free,4.2,28.715,77.1585,Archaeological Survey of India (ASI),"Name: Shalimar Bagh (Sheesh Mahal Park). Category: Garden / Historical Mughal Royal Garden. Description: A historic Mughal royal pleasure garden laid out in 1653 where Emperor Aurangzeb had himself crowned Emperor of India in 1658.. Location: Shalimar Bagh, North West Delhi. Best Time: October to March (Morning 7:30 AM – 10:30 AM)."
37,Mehrauli Archaeological Park,"Open Fields, Gardens & Nature",Open Field / Archaeological Heritage Park,"A 200-acre open archaeological landscape containing over 100 historical monuments spanning 1,000 years of continuous Delhi history.","Encompasses the oldest continuously inhabited layer of Delhi, spanning the Rajput Tomar dynasty, the Delhi Sultanate, the Mughal Empire, and British colonial outposts. Prominent structures include the 13th-century Tomb of Ghiyas-ud-din Balban (first true arch in India), Jamali Kamali Mosque and Tomb (1528), Metcalfe's Folly, and Rajon ki Baoli. Developed into a contiguous heritage park by DDA and INTACH.",The weathered red sandstone façade of Jamali Kamali Mosque framed through ancient banyan trees.,images/37/image 1.jpg,images/37/image 2.jpg,images/37/image 3.jpg,images/37/image 4.jpg,images/37/image 5.jpg,"Anuvrat Marg, Mehrauli (Near Qutab Minar Metro), South Delhi",October to March (Morning 7:00 AM – 10:30 AM for photography),Free,4.5,28.5196,77.181,Archaeological Survey of India / INTACH,"Name: Mehrauli Archaeological Park. Category: Open Field / Archaeological Heritage Park. Description: A 200-acre open archaeological landscape containing over 100 historical monuments spanning 1,000 years of continuous Delhi history.. Location: Anuvrat Marg, Mehrauli (Near Qutab Minar Metro), South Delhi. Best Time: October to March (Morning 7:00 AM – 10:30 AM for photography)."
38,Sanjay Van,"Open Fields, Gardens & Nature",Open Field / Urban Wilderness Forest,"A dense 783-acre city forest in South Delhi featuring ancient 12th-century Lal Kot ramparts, rocky biking trails, and rich wildlife.","Contains preserved remnants of the massive stone ramparts of Lal Kot and Qila Rai Pithora, built in the 12th century by Prithviraj Chauhan. As part of Delhi's Southern Ridge, the forest serves as a vital ecological buffer and groundwater recharge zone. It is a habitat for jackals, nilgai, snakes, and over 150 species of resident and winter migrant birds.",Elevated view from the ancient 12th-century stone watchtower overlooking the sea of forest canopy towards Qutub Minar in the horizon.,images/38/image 1.jpg,images/38/image 2.jpg,images/38/image 3.jpg,images/38/image 4.jpg,images/38/image 5.jpg,"Vasant Kunj–Mehrauli–Qutub Institutional Area, South Delhi",October to March (Early morning 6:00 AM – 9:00 AM for bird-watching and trekking),Free,4.4,28.52,77.153,Delhi Development Authority (DDA),"Name: Sanjay Van. Category: Open Field / Urban Wilderness Forest. Description: A dense 783-acre city forest in South Delhi featuring ancient 12th-century Lal Kot ramparts, rocky biking trails, and rich wildlife.. Location: Vasant Kunj–Mehrauli–Qutub Institutional Area, South Delhi. Best Time: October to March (Early morning 6:00 AM – 9:00 AM for bird-watching and trekking)."
39,Okhla Bird Sanctuary,Lakes & Water Bodies,Lake & Wetland / Wildlife Sanctuary,"A 4-square-kilometer wetland sanctuary situated at the point where the Yamuna River enters Uttar Pradesh, home to over 300 bird species.","Created around the Okhla Barrage constructed across the Yamuna River in 1874. Declared a protected bird sanctuary in 1990 under the Wildlife Protection Act, 1972. The expansive shallow wetlands, reed beds, and open water bodies serve as a globally recognized Important Bird and Biodiversity Area (IBA), hosting large flocks of northern pintails, bar-headed geese, grebes, and vulnerable Indian skimmers during winter migration.",Elevated watchtower view across the Yamuna marshland with thousands of migratory waterfowl swimming at sunrise.,images/39/image 1.webp,images/39/image 2.webp,images/39/image 3.webp,images/39/image 4.webp,images/39/image 5.webp,"Okhla Barrage, South East Delhi–Noida Border",November to February (Sunrise 6:30 AM – 9:30 AM during peak winter migration),"₹30 (Indians), ₹350 (Foreigners)",4.3,28.565,77.315,UP Forest Department / Delhi Wildlife Division,"Name: Okhla Bird Sanctuary. Category: Lake & Wetland / Wildlife Sanctuary. Description: A 4-square-kilometer wetland sanctuary situated at the point where the Yamuna River enters Uttar Pradesh, home to over 300 bird species.. Location: Okhla Barrage, South East Delhi–Noida Border. Best Time: November to February (Sunrise 6:30 AM – 9:30 AM during peak winter migration)."
40,Asola Bhatti Wildlife Sanctuary,"Open Fields, Gardens & Nature",Open Field / Wildlife Sanctuary & Nature Trails,"A 32.7-square-kilometer protected wildlife sanctuary on the Southern Ridge containing rocky hills, thorny scrub forest, and deep canyon lakes.","Established in 1991 to protect the fragile Southern Aravalli Ridge forest corridor connecting Delhi to Sariska and Rajasthan. The sanctuary acts as a primary wildlife corridor in NCR for leopards, striped hyenas, jackals, blackbucks, and civets. The BNHS Conservation Education Centre (CEC) inside coordinates ecological research, butterfly parks, and guided nature trails.",Rugged rocky cliff looking over the dense acacia scrub forest with wild nilgai grazing along the trails.,images/40/image 1.webp,images/40/image 2.webp,images/40/image 3.webp,images/40/image 4.webp,images/40/image 5.webp,"Tughlaqabad / Asola, South Delhi",October to March (Early morning 6:00 AM – 10:00 AM),"₹20 (Indians), ₹100 (Foreigners)",4.4,28.4906,77.2581,Delhi Department of Forests & Wildlife / BNHS,"Name: Asola Bhatti Wildlife Sanctuary. Category: Open Field / Wildlife Sanctuary & Nature Trails. Description: A 32.7-square-kilometer protected wildlife sanctuary on the Southern Ridge containing rocky hills, thorny scrub forest, and deep canyon lakes.. Location: Tughlaqabad / Asola, South Delhi. Best Time: October to March (Early morning 6:00 AM – 10:00 AM)."
41,National Zoological Park (Delhi Zoo),"Open Fields, Gardens & Nature",Open Field / Zoological Park & Wildlife Reserve,A 176-acre green zoological park situated near Purana Qila housing over 130 species of animals and birds in expansive open-moated enclosures.,"Inaugurated on 1 November 1959 by Prime Minister Jawaharlal Nehru under the planning of Sri Lankan landscape architect Major Weinman and Carl Hagenbeck. Designed to provide natural open-moat habitats rather than cramped iron cages, the zoo plays a leading role in global conservation breeding programs for the royal Bengal tiger, Indian rhinoceros, and brow-antlered deer (Sangai).",Expansive open-moated green island enclosure with royal Bengal tigers walking along water streams.,images/41/image 1.jpg,images/41/image 2.jpg,images/41/image 3.jpg,images/41/image 4.jpg,images/41/image 5.jpg,"Mathura Road, Near Purana Qila, New Delhi",October to March (9:00 AM – 12:00 PM; Closed on Fridays),"₹80 (Adults), ₹40 (Children), ₹400 (Foreigners)",4.3,28.606,77.2435,"Central Zoo Authority / Ministry of Environment, Forest & CC","Name: National Zoological Park (Delhi Zoo). Category: Open Field / Zoological Park & Wildlife Reserve. Description: A 176-acre green zoological park situated near Purana Qila housing over 130 species of animals and birds in expansive open-moated enclosures.. Location: Mathura Road, Near Purana Qila, New Delhi. Best Time: October to March (9:00 AM – 12:00 PM; Closed on Fridays)."
42,Jahaz Mahal & Hauz-i-Shamsi,Lakes & Water Bodies,Historical Monument & Medieval Lake,A 15th-century Lodi palace shaped like a floating ship perched on the banks of the historic 13th-century Hauz-i-Shamsi water reservoir.,"Hauz-i-Shamsi was excavated in 1229 AD by Sultan Shams-ud-din Iltutmish following a dream where Prophet Muhammad guided him to a freshwater spring marked by a winged horse's hoofprint. In the late 15th century during the Lodi era, the Jahaz Mahal ('Ship Palace') was built alongside its banks as an inn (serai) for pilgrims and royal retreat. It serves as the primary stage for the annual Phool Walon Ki Sair communal harmony festival.",The blue-tiled dome and sandstone arches of Jahaz Mahal reflected in the waters of Hauz-i-Shamsi reservoir.,images/42/image 1.jpg,images/42/image 2.jpg,images/42/image 3.jpg,images/42/image 4.jpg,images/42/image 5.jpg,"Mehrauli Village, Near Aam Bagh, South Delhi",October to March (Afternoon 3:00 PM – 5:30 PM),Free,4.2,28.5147,77.1783,Archaeological Survey of India (ASI),"Name: Jahaz Mahal & Hauz-i-Shamsi. Category: Historical Monument & Medieval Lake. Description: A 15th-century Lodi palace shaped like a floating ship perched on the banks of the historic 13th-century Hauz-i-Shamsi water reservoir.. Location: Mehrauli Village, Near Aam Bagh, South Delhi. Best Time: October to March (Afternoon 3:00 PM – 5:30 PM)."
43,Zafar Mahal,Historical Forts & Monuments,Historical Palace / Ruins,"The final architectural palace built by the Mughal dynasty, featuring the towering Hathi Gate built by the last Mughal Emperor Bahadur Shah Zafar.","Originally constructed by Mughal Emperor Akbar Shah II in 1820 near the revered dargah of Qutbuddin Bakhtiyar Kaki in Mehrauli. In 1842, his son and the last Mughal Emperor Bahadur Shah Zafar II reconstructed the monumental red sandstone gateway (Hathi Gate) to accommodate royal elephant processions during the annual Phool Walon Ki Sair festival. An empty marble burial plot between the tombs of earlier emperors remains as Zafar died in exile in Rangoon.",The monumental three-storey red sandstone Hathi Darwaza gateway rising above the historic Mehrauli alleyways.,images/43/image 1.jpg,images/43/image 2.jpg,images/43/image 3.jpg,images/43/image 4.jpg,images/43/image 5.jpg,"Mehrauli Village, South Delhi",October to March (Morning 8:30 AM – 11:30 AM),Free,4.1,28.5222,77.1819,Archaeological Survey of India (ASI),"Name: Zafar Mahal. Category: Historical Palace / Ruins. Description: The final architectural palace built by the Mughal dynasty, featuring the towering Hathi Gate built by the last Mughal Emperor Bahadur Shah Zafar.. Location: Mehrauli Village, South Delhi. Best Time: October to March (Morning 8:30 AM – 11:30 AM)."
44,Siri Fort Ruins & Forest Grounds,"Open Fields, Gardens & Nature",Historical Fort & Open Field Grounds,Remains of the 14th-century fortified second city of Delhi built by Sultan Alauddin Khilji to repel fierce Mongol invasions.,"Constructed in 1303 AD by Sultan Alauddin Khilji as the second city of Delhi to defend against Mongol hordes led by Targhi. Legend holds that the severed heads (sar) of thousands of defeated Mongol soldiers were embedded into the foundation mortar of the fort walls, giving the fort its name. Today, the massive rubble-masonry ramparts stand within open green wooded parklands adjacent to the Siri Fort Sports Complex.",Thick battlemented rubblestone bastions emerging through wild green wooded walking paths.,images/44/image 1.jpg,images/44/image 2.jpg,images/44/image 3.jpg,images/44/image 4.jpg,images/44/image 5.jpg,"Siri Fort Road, August Kranti Marg, South Delhi",October to March (Morning 6:30 AM – 9:30 AM),Free,4.2,28.552,77.2205,Archaeological Survey of India (ASI),"Name: Siri Fort Ruins & Forest Grounds. Category: Historical Fort & Open Field Grounds. Description: Remains of the 14th-century fortified second city of Delhi built by Sultan Alauddin Khilji to repel fierce Mongol invasions.. Location: Siri Fort Road, August Kranti Marg, South Delhi. Best Time: October to March (Morning 6:30 AM – 9:30 AM)."
45,Akshardham Temple (Swaminarayan Akshardham),Religious & Spiritual,Religious / Cultural Complex,"A monumental Hindu temple complex constructed from pink Rajasthani sandstone and Carrara marble, celebrating Indian spiritual heritage and art.","Inaugurated on 6 November 2005 by Pramukh Swami Maharaj, President A.P.J. Abdul Kalam, and Prime Minister Manmohan Singh. Constructed according to Vastu Shastra and Pancharatra Shastra without using structural steel, the central mandir stands 141 feet high and features 234 ornately carved pillars, 9 domes, and 20,000 murtis of spiritual sages. It houses the Sahaj Anand water show and Hall of Values (Sahajanand Darshan).",Wide reflection view of the 141-foot pink sandstone central mandir reflected in the Narayan Sarovar holy water moat.,images/45/image 1.jpg,images/45/image 2.jpg,images/45/image 3.jpg,images/45/images 4.jpg,images/45/images 5.jpg,"NH 24, Pramukh Swami Maharaj Marg, East Delhi",October to March (Afternoon 3:30 PM to stay for the 7:00 PM Sahaj Anand Water Show),"Free complex entry (Exhibitions ₹250, Musical Fountain ₹90)",4.7,28.6127,77.2773,BAPS Swaminarayan Sanstha / Delhi Tourism,"Name: Akshardham Temple (Swaminarayan Akshardham). Category: Religious / Cultural Complex. Description: A monumental Hindu temple complex constructed from pink Rajasthani sandstone and Carrara marble, celebrating Indian spiritual heritage and art.. Location: NH 24, Pramukh Swami Maharaj Marg, East Delhi. Best Time: October to March (Afternoon 3:30 PM to stay for the 7:00 PM Sahaj Anand Water Show)."
46,Lotus Temple (Bahá'í House of Worship),Religious & Spiritual,Religious / Modern Architecture,"An architectural icon designed in the form of an unfolding white marble lotus flower, open to people of all religious faiths for silent meditation.","Dedicated in December 1986, designed by Iranian-Canadian architect Fariborz Sahba. Constructed using 27 free-standing petals made of pure white Greek Pentelic marble arranged in clusters of three to form nine doors opening into a central hall capable of holding 2,500 people. Surrounded by nine serene blue ponds, it has won numerous international architectural awards for structural engineering.",Symmetrical front pathway framing the white marble lotus petals rising above the tranquil perimeter ponds and manicured lawns.,images/46/image 1.jpg,images/46/image 2.jpg,images/46/image 3.jpg,images/46/image 4.jpg,images/46/image 5.jpg,"Lotus Temple Road, Bahapur, Kalkaji, South Delhi",October to March (9:00 AM – 11:00 AM or 4:00 PM – 5:30 PM; Closed Mondays),Free,4.6,28.5535,77.2588,National Spiritual Assembly of the Bahá'ís of India,"Name: Lotus Temple (Bahá'í House of Worship). Category: Religious / Modern Architecture. Description: An architectural icon designed in the form of an unfolding white marble lotus flower, open to people of all religious faiths for silent meditation.. Location: Lotus Temple Road, Bahapur, Kalkaji, South Delhi. Best Time: October to March (9:00 AM – 11:00 AM or 4:00 PM – 5:30 PM; Closed Mondays)."
47,Gurudwara Bangla Sahib,Religious & Spiritual,Religious / Sikh Heritage & Holy Sarovar,"One of the most prominent Sikh gurdwaras in India, renowned for its golden dome, holy healing Sarovar pool, and non-stop community kitchen (Langar).","Originally the 17th-century royal palace bungalow (haveli) of Raja Jai Singh of Amber, known as Jaisinghpura Palace. In 1664, the Eighth Sikh Guru, Guru Har Krishan Ji, resided here during a smallpox and cholera epidemic, providing clean well-water to heal afflicted citizens before contracting the illness himself. Sardar Baghel Singh built the shrine in 1783 following the capture of Delhi.",The gleaming 24-karat gold-plated main dome and white marble sanctum reflected in the shimmering waters of the holy Sarovar at night.,images/47/image_1.jpg,images/47/image_2.jpg,images/47/image_3.jpg,images/47/image_4.jpg,images/47/image_5.jpg,"Ashoka Road, Connaught Place, New Delhi",Open 24 hours (Early morning 5:00 AM or evening Amritvela under floodlights),Free (Includes community langar meal),4.8,28.6265,77.2091,Delhi Sikh Gurdwara Management Committee (DSGMC),"Name: Gurudwara Bangla Sahib. Category: Religious / Sikh Heritage & Holy Sarovar. Description: One of the most prominent Sikh gurdwaras in India, renowned for its golden dome, holy healing Sarovar pool, and non-stop community kitchen (Langar).. Location: Ashoka Road, Connaught Place, New Delhi. Best Time: Open 24 hours (Early morning 5:00 AM or evening Amritvela under floodlights)."
48,Jama Masjid (Masjid-i-Jahan-Numa),Religious & Spiritual,Religious / Mughal Heritage Mosque,"One of the largest and most magnificent mosques in India, featuring three grand marble domes, two 40-meter minarets, and a courtyard holding 25,000 worshippers.","Commissioned in 1650 by Emperor Shah Jahan and inaugurated in 1656 by Syed Abdul Ghafoor Shah Bukhari, whom the Emperor invited from Bukhara to serve as the Shahi Imam. Built by 5,000 workers at a cost of 1 million rupees, it was designed with red sandstone and white marble strips, positioned atop a high natural rocky hill (Bhojla Pahari) overlooking Shahjahanabad.",Elevated panorama from the southern minaret looking down across the sprawling marble courtyard toward the Red Fort ramparts.,images/48/Image_1.jpg,images/48/Image_2.jpg,images/48/Image_3.jpg,images/48/Image_4.jpg,images/48/Image_5.jpg,"Chandni Chowk, Old Delhi",October to March (Early morning 7:30 AM – 11:30 AM outside prayer hours),Free (Camera fee ₹300; Minaret climb ₹100),4.6,28.6507,77.2334,Archaeological Survey of India / Delhi Waqf Board,"Name: Jama Masjid (Masjid-i-Jahan-Numa). Category: Religious / Mughal Heritage Mosque. Description: One of the largest and most magnificent mosques in India, featuring three grand marble domes, two 40-meter minarets, and a courtyard holding 25,000 worshippers.. Location: Chandni Chowk, Old Delhi. Best Time: October to March (Early morning 7:30 AM – 11:30 AM outside prayer hours)."
49,Gurudwara Sis Ganj Sahib,Religious & Spiritual,Religious / Sikh Historic Shrine,"A historic Sikh gurdwara in Chandni Chowk marking the site of the 1675 martyrdom of the Ninth Sikh Guru, Guru Tegh Bahadur.","Established in 1783 by Sikh military general Sardar Baghel Singh to commemorate the supreme sacrifice of the Ninth Guru, Guru Tegh Bahadur Ji, who was publicly martyred on 11 November 1675 under Mughal Emperor Aurangzeb for defending the religious freedom of Kashmiri Pandits. The trunk of the banyan tree beneath which the Guru was martyred and the well used during his imprisonment are conserved inside.",Golden dome and marble facade facing the bustling pedestrianized promenade of Chandni Chowk.,images/49/Image_1.jpg,images/49/Image_2.jpg,images/49/Image_3.jpg,images/49/Image_4.jpg,images/49/Image_5.jpg,"Chandni Chowk, Old Delhi",October to March (Morning 7:00 AM – 10:00 AM),Free,4.7,28.6558,77.2312,Delhi Sikh Gurdwara Management Committee (DSGMC),"Name: Gurudwara Sis Ganj Sahib. Category: Religious / Sikh Historic Shrine. Description: A historic Sikh gurdwara in Chandni Chowk marking the site of the 1675 martyrdom of the Ninth Sikh Guru, Guru Tegh Bahadur.. Location: Chandni Chowk, Old Delhi. Best Time: October to March (Morning 7:00 AM – 10:00 AM)."
50,India Gate (All India War Memorial),Memorials & Museums,Memorial / National Landmark,"A 42-meter high triumphal archway honoring 84,000 soldiers of the British Indian Army who gave their lives in World War I and the Third Anglo-Afghan War.","Designed by Sir Edwin Lutyens, its foundation stone was laid on 10 February 1921 by Prince Arthur, Duke of Connaught, and inaugurated in February 1931 by Viceroy Lord Irwin. Its red Bharatpur stone walls are inscribed with 13,300 fallen soldiers' names. In 1972, following the Indo-Pakistani War of 1971, the Amar Jawan Jyoti eternal flame was installed beneath the arch by Prime Minister Indira Gandhi.",Centred frontal view looking straight down the illuminated Kartavya Path axis with the 42-meter arch glowing against the evening sky.,images/50/Image_1.jpg,images/50/Image_2.jpg,images/50/Image_3.jpg,images/50/Image_4.jpg,images/50/Image_5.jpg,"Kartavya Path, Central New Delhi",October to March (Evenings 6:00 PM – 9:30 PM for illumination and cool breeze),Free,4.6,28.6129,77.2295,Ministry of Housing and Urban Affairs / Delhi Tourism,"Name: India Gate (All India War Memorial). Category: Memorial / National Landmark. Description: A 42-meter high triumphal archway honoring 84,000 soldiers of the British Indian Army who gave their lives in World War I and the Third Anglo-Afghan War.. Location: Kartavya Path, Central New Delhi. Best Time: October to March (Evenings 6:00 PM – 9:30 PM for illumination and cool breeze)."
51,National War Memorial (Rashtriya Samar Smarak),Memorials & Museums,Memorial / Military Heritage,A 40-acre national monument honoring all armed forces personnel who made the supreme sacrifice in post-independence conflicts.,"Dedicated to the nation on 25 February 2019 by Prime Minister Narendra Modi. Designed as four concentric circular chakras representing values of the armed forces: Amar Chakra (Circle of Immortality with eternal flame), Veerta Chakra (Circle of Bravery with bronze battle murals), Tyag Chakra (Circle of Sacrifice inscribed with 26,000+ martyrs' names), and Raksha Chakra (Circle of Protection ringed by 600 trees).",The 15.5-meter central stone obelisk and eternal flame viewed at dusk through the concentric granite Tyag Chakra walls.,images/51/Image_1.jpg,images/51/Image_2.jpg,images/51/Image_3.jpg,images/51/Image_4.jpg,images/51/Image_5.jpg,"C-Hexagon, India Gate Complex, New Delhi",October to March (Sunset retreat ceremony with military buglers at 5:30 PM),Free,4.7,28.6128,77.2293,Integrated Defence Staff / Ministry of Defence,"Name: National War Memorial (Rashtriya Samar Smarak). Category: Memorial / Military Heritage. Description: A 40-acre national monument honoring all armed forces personnel who made the supreme sacrifice in post-independence conflicts.. Location: C-Hexagon, India Gate Complex, New Delhi. Best Time: October to March (Sunset retreat ceremony with military buglers at 5:30 PM)."
52,Birla Mandir (Laxminarayan Temple),Religious & Spiritual,Religious / Hindu Heritage Temple,A magnificent red-sandstone and marble temple inaugurated by Mahatma Gandhi under the condition that all castes and communities be permitted entry.,"Built between 1933 and 1939 by industrialist Baldeo Das Birla and his sons Jugal Kishore Birla, designed by architect Sris Chandra Chatterjee in the Orissan Nagara style. Inaugurated by Mahatma Gandhi on 18 March 1939 on the explicit condition that the temple doors be open to all individuals irrespective of religion or caste.",Front multi-tiered Orissan Nagara stone shikhara towers rising above the ornamental temple fountain gardens.,images/52/Image_1.jpg,images/52/Image_2.jpg,images/52/Image_3.jpg,images/52/Image_4.jpg,images/52/Image_5.jpg,"Mandir Marg, Near Connaught Place, New Delhi",October to March (Morning 6:00 AM – 11:30 AM or Evening Aarti 6:30 PM),Free,4.5,28.6328,77.1987,Birla Mandir Trust / Delhi Tourism,"Name: Birla Mandir (Laxminarayan Temple). Category: Religious / Hindu Heritage Temple. Description: A magnificent red-sandstone and marble temple inaugurated by Mahatma Gandhi under the condition that all castes and communities be permitted entry.. Location: Mandir Marg, Near Connaught Place, New Delhi. Best Time: October to March (Morning 6:00 AM – 11:30 AM or Evening Aarti 6:30 PM)."
53,Chhatarpur Temple (Shri Adhya Katyayani Shaktipith),Religious & Spiritual,Religious / Hindu Temple Complex,"A massive 70-acre temple complex dedicated to Goddess Katyayani, constructed entirely from white marble with monumental deity statues.","Established in 1974 by spiritual guru Baba Sant Nagpal Ji. Before the completion of Akshardham in 2005, it stood as the largest temple complex in India. The sanctum features intricate marble carving inspired by South and North Indian temple styles and houses a massive 101-foot tall statue of Lord Hanuman overlooking the sprawling grounds.",The towering 101-foot Hanuman statue standing tall against the horizon adjacent to the white marble temple shikhara.,images/53/Image_1.jpg,images/53/Image_2.jpg,images/53/Image_3.jpg,images/53/Image_4.jpg,images/53/Image_5.jpg,"Main Chhatarpur Road, South Delhi",October to March (Especially during Navratri festivals),Free,4.6,28.5031,77.1756,Shri Adhya Katyayani Shaktipeeth Trust,"Name: Chhatarpur Temple (Shri Adhya Katyayani Shaktipith). Category: Religious / Hindu Temple Complex. Description: A massive 70-acre temple complex dedicated to Goddess Katyayani, constructed entirely from white marble with monumental deity statues.. Location: Main Chhatarpur Road, South Delhi. Best Time: October to March (Especially during Navratri festivals)."
54,ISKCON Temple Delhi (Sri Sri Radha Parthasarathi Mandir),Religious & Spiritual,Religious / Vaishnava Temple,"A grand hilltop Vedic temple complex and museum of Vedic culture featuring 90-foot tall towers, mechanized robotic dioramas, and pure vegetarian dining.","Inaugurated on 5 April 1998 by Prime Minister Atal Bihari Vajpayee. Designed by architect Achyut Kanvinde on Hare Krishna Hills in East of Kailash, it integrates modern red-brick latticework with classical shikharas. It houses the Glory of India Vedic Cultural Centre featuring high-tech multimedia presentations of the Bhagavad Gita and the world's largest printed Bhagavad Gita (Astounding Gita).",The hilltop tiered shikharas illuminated in purple and gold floodlights against the night sky during evening Aarti.,images/54/Image_1.jpg,images/54/Image_2.jpg,images/54/Image_3.jpg,images/54/Image_4.jpg,images/54/Image_5.jpg,"Hare Krishna Hills, Sant Nagar, East of Kailash, South Delhi",October to March (Evening Aarti 7:00 PM with kirtan),Free complex entry (Vedic Expo shows ticketed separately),4.6,28.5539,77.253,ISKCON Delhi,"Name: ISKCON Temple Delhi (Sri Sri Radha Parthasarathi Mandir). Category: Religious / Vaishnava Temple. Description: A grand hilltop Vedic temple complex and museum of Vedic culture featuring 90-foot tall towers, mechanized robotic dioramas, and pure vegetarian dining.. Location: Hare Krishna Hills, Sant Nagar, East of Kailash, South Delhi. Best Time: October to March (Evening Aarti 7:00 PM with kirtan)."
55,Nizamuddin Dargah,Religious & Spiritual,Religious / Sufi Shrine & Musical Heritage,"The sacred 14th-century mausoleum of world-renowned Sufi saint Hazrat Nizamuddin Auliya and poet Amir Khusrau, celebrated for Thursday Qawwali sessions.","The revered dargah marks the resting place of Sufi saint Hazrat Nizamuddin Auliya (1238–1325 AD) of the Chishti Order, who preached tolerance and divine love. Constructed in 1325 and expanded by Mughal rulers, the courtyard also houses the marble tombs of poet Amir Khusrau (father of Qawwali and Hindavi poetry) and Mughal princess Jahanara Begum. Its mystical Sufi music traditions have continued uninterrupted for 700 years.",Intimate courtyard gathering under shimmering chandeliers listening to traditional Qawwali singers at twilight.,images/55/Image_1.jpg,images/55/Image_2.jpg,images/55/Image_3.jpg,images/55/Image_4.jpg,images/55/Image_5.jpg,"Nizamuddin West, South East Delhi",Thursday evenings (6:00 PM – 9:00 PM for live Sufi Qawwali sessions),Free,4.6,28.5913,77.243,Dargah Nizamuddin Management Committee / Delhi Tourism,"Name: Nizamuddin Dargah. Category: Religious / Sufi Shrine & Musical Heritage. Description: The sacred 14th-century mausoleum of world-renowned Sufi saint Hazrat Nizamuddin Auliya and poet Amir Khusrau, celebrated for Thursday Qawwali sessions.. Location: Nizamuddin West, South East Delhi. Best Time: Thursday evenings (6:00 PM – 9:00 PM for live Sufi Qawwali sessions)."
56,Hanuman Mandir (Connaught Place),Religious & Spiritual,Religious / Ancient Hindu Temple,"An ancient temple dedicated to Lord Hanuman, holding a Guinness World Record for continuous 24-hour chanting of the 'Sri Ram Jai Ram Jai Jai Ram' mantra.","Believed to be one of five historic temples founded by the Pandavas following the Mahabharata War. Reconstructed in 1724 by Maharaja Jai Singh II of Jaipur alongside the construction of Jantar Mantar. Since 1 August 1964, the temple has maintained unbroken, continuous 24-hour chanting of the sacred mantra, recognized by the Guinness Book of World Records.",The ornate silver-embossed sanctum entrance with morning devotees offering marigold garlands and vermilion.,images/56/Image_1.jpg,images/56/Image_2.jpg,images/56/Image_3.jpg,images/56/Image_4.jpg,images/56/Image_5.jpg,"Baba Kharak Singh Marg, Connaught Place, New Delhi",Tuesdays and Saturdays (Early morning 6:00 AM – 9:00 AM),Free,4.6,28.6287,77.2145,Shri Hanuman Mandir Prabandhak Committee,"Name: Hanuman Mandir (Connaught Place). Category: Religious / Ancient Hindu Temple. Description: An ancient temple dedicated to Lord Hanuman, holding a Guinness World Record for continuous 24-hour chanting of the 'Sri Ram Jai Ram Jai Jai Ram' mantra.. Location: Baba Kharak Singh Marg, Connaught Place, New Delhi. Best Time: Tuesdays and Saturdays (Early morning 6:00 AM – 9:00 AM)."
57,Cathedral Church of the Redemption,Religious & Spiritual,Religious / Colonial Heritage Architecture,"A magnificent 1930s Anglican cathedral designed by Henry Medd with striking barrel-vaulted ceilings, stone arches, and pipe organs.","Built between 1927 and 1931, designed by British architect Henry Medd who won the Viceroy's design competition. Opened for public worship on 18 January 1931 by Viceroy Lord Irwin. Designed to keep the interior cool during harsh Delhi summers with thick red sandstone arches and recessed windows, it features an oil replica of Caravaggio's 'The Entombment of Christ' presented by Lord Irwin.",The soaring barrel-vaulted sandstone nave leading towards the illuminated marble high altar and stained-glass windows.,images/57/Image_1.jpg,images/57/Image_2.jpg,images/57/Image_3.jpg,images/57/Image_4.jpg,images/57/Image_5.jpg,"1 Church Road, North Avenue, Near Rashtrapati Bhavan, New Delhi",October to March (Sunday morning choir service 9:00 AM or Christmas),Free,4.4,28.6175,77.208,Church of North India (CNI) / Delhi Diocese,"Name: Cathedral Church of the Redemption. Category: Religious / Colonial Heritage Architecture. Description: A magnificent 1930s Anglican cathedral designed by Henry Medd with striking barrel-vaulted ceilings, stone arches, and pipe organs.. Location: 1 Church Road, North Avenue, Near Rashtrapati Bhavan, New Delhi. Best Time: October to March (Sunday morning choir service 9:00 AM or Christmas)."
58,Sacred Heart Cathedral,Religious & Spiritual,Religious / Italianate Catholic Cathedral,"One of Delhi's oldest and most prominent Roman Catholic cathedrals, renowned for Italian architecture, white marble altars, and Easter/Christmas vigils.","Designed by celebrated Italian architect Henry Medd in 1930, its construction was funded through initiatives by the Archbishop of Agra and British authorities. The cathedral features an imposing facade with white ionic pillars, a towering curved belfry, and a canopy supported by carved marble columns donated by the Count of Sir Francis. It remains the seat of the Archdiocese of Delhi.",The majestic classical Italianate exterior facade and bell tower framed by pine trees during Christmas evening lighting.,images/58/Image_1.jpg,images/58/Image_2.jpg,images/58/Image_3.jpg,images/58/Image_4.jpg,images/58/Image_5.jpg,"1 Ashok Place, Near Gol Dak Khana, Connaught Place, New Delhi",October to March (Sunday mass or December Christmas week),Free,4.5,28.6247,77.2062,Archdiocese of Delhi / Delhi Tourism,"Name: Sacred Heart Cathedral. Category: Religious / Italianate Catholic Cathedral. Description: One of Delhi's oldest and most prominent Roman Catholic cathedrals, renowned for Italian architecture, white marble altars, and Easter/Christmas vigils.. Location: 1 Ashok Place, Near Gol Dak Khana, Connaught Place, New Delhi. Best Time: October to March (Sunday mass or December Christmas week)."
59,St. James' Church (Skinner's Church),Religious & Spiritual,Religious / Oldest Church in Delhi,"The oldest surviving church in Delhi, built in 1836 in a Neoclassical Greek-cross plan with an octagonal dome and copper sphere cross.","Commissioned by Colonel James Skinner of the famed 'Skinner's Horse' cavalry regiment. Skinner made a vow on the battlefield in 1800 while lying wounded that if he survived, he would build a church to God. Designed by Major Robert Smith and consecrated in 1836, the church survived intense bombardments during the 1857 Rebellion and houses historical brass plaques and Skinner's family vault.",The grand pale-yellow Greek Neoclassical portico and octagonal dome viewed from the church courtyard gardens.,images/59/Image_1.jpg,images/59/Image_2.jpg,images/59/Image_3.jpg,images/59/Image_4.jpg,images/59/Image_5.jpg,"Lothian Road, Near Kashmere Gate Metro, Old Delhi",October to March (Sunday mornings 8:30 AM – 11:30 AM),Free,4.3,28.6663,77.23,Church of North India (CNI) / INTACH,"Name: St. James' Church (Skinner's Church). Category: Religious / Oldest Church in Delhi. Description: The oldest surviving church in Delhi, built in 1836 in a Neoclassical Greek-cross plan with an octagonal dome and copper sphere cross.. Location: Lothian Road, Near Kashmere Gate Metro, Old Delhi. Best Time: October to March (Sunday mornings 8:30 AM – 11:30 AM)."
60,Rashtrapati Bhavan & Raisina Hill,Memorials & Museums,Government / Monumental Heritage Architecture,"The official 340-room presidential palace of the President of India, spanning 330 acres atop Raisina Hill with an iconic Neo-classical copper dome.","Designed by Sir Edwin Lutyens and completed in 1929 as the Viceroy's House following the decision to shift the British Indian capital from Calcutta to Delhi in 1911. Integrating Western classical orders with Indian elements (chattris, jaalis, and elephant motifs), the palace transitioned to become Government House in 1947 and Rashtrapati Bhavan upon the presidency of Dr. Rajendra Prasad in 1950.",Direct perspective looking up the Rajpath / Kartavya Path incline through the Iron Forecourt Gates toward the massive Jaipur Column and central dome.,images/60/image_1.jpg,images/60/image_2.jpg,images/60/image_3.jpg,images/60/image_4.webp,images/60/image_5.webp,"Raisina Hill, Kartavya Path, New Delhi",October to March (Thursdays to Sundays for Circuit tours; Saturday morning Change of Guard ceremony),₹50 (Online slot booking on Rashtrapati Bhavan portal),4.7,28.6143,77.1996,"President's Secretariat, Rashtrapati Bhavan","Name: Rashtrapati Bhavan & Raisina Hill. Category: Government / Monumental Heritage Architecture. Description: The official 340-room presidential palace of the President of India, spanning 330 acres atop Raisina Hill with an iconic Neo-classical copper dome.. Location: Raisina Hill, Kartavya Path, New Delhi. Best Time: October to March (Thursdays to Sundays for Circuit tours; Saturday morning Change of Guard ceremony)."
61,Parliament House & Sansad Bhavan Complex,Memorials & Museums,Government / Democratic Heritage,"The democratic seat of India's Parliament, comprising the historic 1927 circular Samvidhan Sadan and the state-of-the-art 2023 triangular New Sansad Bhavan.","The historic circular Parliament House was designed by Sir Edwin Lutyens and Sir Herbert Baker, opened on 18 January 1927 by Viceroy Lord Irwin. It hosted the historic debates of the Constituent Assembly and the birth of India's Constitution on 26 January 1950. In May 2023, the modern triangular New Parliament House was dedicated to the nation by Prime Minister Narendra Modi, with the historic building designated as 'Samvidhan Sadan'.",Panoramic view showing the colonnaded circular Samvidhan Sadan alongside the triangular New Sansad Bhavan complex.,images/61/image_1.JPG,images/61/image_2.jpg,images/61/image_3.webp,images/61/image_4.webp,images/61/image_5.jpg,"Sansad Marg, Central Secretariat, New Delhi",October to March (Evening external architectural illumination),Free / Restricted access (Parliament Museum ticketed ₹10),4.5,28.617,77.2088,Lok Sabha Secretariat / CPWD,"Name: Parliament House & Sansad Bhavan Complex. Category: Government / Democratic Heritage. Description: The democratic seat of India's Parliament, comprising the historic 1927 circular Samvidhan Sadan and the state-of-the-art 2023 triangular New Sansad Bhavan.. Location: Sansad Marg, Central Secretariat, New Delhi. Best Time: October to March (Evening external architectural illumination)."
62,National Museum (Janpath),Memorials & Museums,Museum / Premier National Heritage,"India's premier museum housing over 200,000 priceless artifacts spanning 5,000 years of civilization from the Indus Valley Civilization to modern art.","Established in 1949 following a landmark exhibition of Indian art at Burlington House in London. The foundation stone of the present Janpath building was laid by Prime Minister Jawaharlal Nehru on 12 May 1955. Famous masterworks include the 4,500-year-old bronze 'Dancing Girl' from Mohenjo-daro, Holy Relics of Lord Buddha from Piprahwa, and exquisite Chola bronze sculptures.",The grand rotunda entrance hall showcasing ancient Mauryan and Harappan archaeological treasures.,images/62/image_1.jpeg,images/62/image_2.jpeg,images/62/image_3.jpeg,images/62/image_4.jpeg,images/62/image_5.jpeg,"Janpath, Near Rajpath / Kartavya Path, New Delhi",October to March (10:00 AM – 6:00 PM; Closed Mondays),"₹20 (Indians), ₹650 (Foreigners)",4.6,28.6118,77.2195,"Ministry of Culture, Government of India","Name: National Museum (Janpath). Category: Museum / Premier National Heritage. Description: India's premier museum housing over 200,000 priceless artifacts spanning 5,000 years of civilization from the Indus Valley Civilization to modern art.. Location: Janpath, Near Rajpath / Kartavya Path, New Delhi. Best Time: October to March (10:00 AM – 6:00 PM; Closed Mondays)."
63,National Rail Museum,Memorials & Museums,Museum / Transport & Open-Air Heritage,"An 11-acre open-air museum preserving India's rich 170-year railway heritage with vintage steam locomotives, royal saloons, and joy rides.","Inaugurated on 1 February 1977 as the Rail Transport Museum by Public Works Minister Kamalapati Tripathi. It preserves legendary locomotives including the 'Fairy Queen' (built in 1855, certified by Guinness as the world's oldest working steam locomotive), the royal saloons of the Maharaja of Baroda, and the unique Patiala State Monorail Trainway.",The gleaming green and brass vintage Fairy Queen 1855 steam locomotive parked along the heritage outdoor rail yard.,images/63/image_1.jpeg,images/63/image_2.jpeg,images/63/image_3.jpeg,images/63/image_4.avif,images/63/image_5.jpeg,"Chanakyapuri, New Delhi",October to March (10:00 AM – 5:00 PM; Closed Mondays; Ride toy train in afternoon),₹50 weekdays / ₹100 weekends (Adults); Toy train ticketed separately,4.5,28.5856,77.182,"Ministry of Railways, Government of India","Name: National Rail Museum. Category: Museum / Transport & Open-Air Heritage. Description: An 11-acre open-air museum preserving India's rich 170-year railway heritage with vintage steam locomotives, royal saloons, and joy rides.. Location: Chanakyapuri, New Delhi. Best Time: October to March (10:00 AM – 5:00 PM; Closed Mondays; Ride toy train in afternoon)."
64,National Gallery of Modern Art (NGMA - Jaipur House),Memorials & Museums,Museum / Modern & Contemporary Art,"The premier national art museum situated in the historic butterfly-shaped Jaipur House, showcasing over 17,000 modern and contemporary artworks.","Housed in Jaipur House, the former Delhi palace of the Maharaja of Jaipur designed by Sir Arthur Blomfield. Inaugurated on 29 March 1954 by Vice President Dr. S. Radhakrishnan. The museum preserves premier national collections of modern Indian art, including iconic masterworks by Raja Ravi Varma, Amrita Sher-Gil, Rabindranath Tagore, Nandalal Bose, M.F. Husain, and Tyeb Mehta.",The stately sandstone neoclassical rotunda of Jaipur House framed by open sculpture gardens.,images/64/Image_1.jpg,images/64/Image_2.jpg,images/64/Image_3.jpg,images/64/Image_4.jpg,images/64/Image_5.jpg,"Jaipur House, India Gate Hexagon, New Delhi",October to March (11:00 AM – 6:30 PM; Closed Mondays),"₹20 (Indians), ₹500 (Foreigners)",4.5,28.6099,77.2345,"Ministry of Culture, Government of India","Name: National Gallery of Modern Art (NGMA - Jaipur House). Category: Museum / Modern & Contemporary Art. Description: The premier national art museum situated in the historic butterfly-shaped Jaipur House, showcasing over 17,000 modern and contemporary artworks.. Location: Jaipur House, India Gate Hexagon, New Delhi. Best Time: October to March (11:00 AM – 6:30 PM; Closed Mondays)."
65,National Crafts Museum (Hastkala Akademi),Memorials & Museums,Museum / Traditional Folk Crafts & Village,A charming rustic open-air museum village celebrating India's rich handloom and handicraft heritage with living artisan courtyards.,"Conceived in the 1950s and 60s by cultural visionary Pupul Jayakar to preserve vanishing traditional village crafts. Architect Charles Correa designed the rustic open courtyard building complex in the 1970s. It features 35,000 rare artifacts including tribal paintings, woodcarvings, terracottas, bronzes, textiles, and authentic recreated mud-huts representing diverse regional Indian states.",The leafy open-air Village Complex courtyard with master artisans practicing live weaving and pottery beneath wooden carved pillars.,images/65/Image_1.jpg,images/65/Image_2.jpg,images/65/Image_3.png,images/65/Image_4.jpg,images/65/Image_5.jpg,"Bhairon Marg, Pragati Maidan, New Delhi",October to March (10:00 AM – 6:00 PM; Closed Mondays; Cafe Lota on site),"₹20 (Indians), ₹300 (Foreigners)",4.5,28.6138,77.2426,Development Commissioner for Handicrafts / Ministry of Textiles,"Name: National Crafts Museum (Hastkala Akademi). Category: Museum / Traditional Folk Crafts & Village. Description: A charming rustic open-air museum village celebrating India's rich handloom and handicraft heritage with living artisan courtyards.. Location: Bhairon Marg, Pragati Maidan, New Delhi. Best Time: October to March (10:00 AM – 6:00 PM; Closed Mondays; Cafe Lota on site)."
66,Teen Murti Bhavan (Pradhanmantri Sangrahalaya),Memorials & Museums,Museum / Prime Ministerial Heritage,"The historic 25-acre estate that served as Nehru's residence, now transformed into an immersive museum dedicated to all 15 Prime Ministers of India.","Designed by Robert Tor Russell in 1930 as Flagstaff House for the Commander-in-Chief of the British Indian Army. After Independence, it served as the official residence of India's first Prime Minister, Jawaharlal Nehru, for 16 years until 1964. In April 2022, Prime Minister Narendra Modi inaugurated the state-of-the-art 'Pradhanmantri Sangrahalaya' on the grounds, utilizing holographic projections, virtual reality, and interactive exhibits.",The kinetic levitating national emblem installation inside the futuristic glass dome of Pradhanmantri Sangrahalaya.,images/66/Image_1.jpg,images/66/Image_2.jpg,images/66/Image_3.jpg,images/66/Image_4.jpg,images/66/Image_5.jpg,"Teen Murti Marg, Central New Delhi",October to March (10:00 AM – 6:00 PM; Closed Mondays),"₹100 (Online), ₹110 (Counter), Special Light & Sound show ₹100",4.6,28.6022,77.194,Nehru Memorial Museum and Library Society / Ministry of Culture,"Name: Teen Murti Bhavan (Pradhanmantri Sangrahalaya). Category: Museum / Prime Ministerial Heritage. Description: The historic 25-acre estate that served as Nehru's residence, now transformed into an immersive museum dedicated to all 15 Prime Ministers of India.. Location: Teen Murti Marg, Central New Delhi. Best Time: October to March (10:00 AM – 6:00 PM; Closed Mondays)."
67,Nehru Planetarium (Sky Theater),Memorials & Museums,Science / Astronomical Education,"A premier astronomy and space science institution featuring a 2D/3D dome Sky Theater, live solar telescope viewings, and space flight simulators.","Inaugurated on 6 February 1984 by Prime Minister Indira Gandhi on the sprawling grounds of Teen Murti House to foster scientific temper among youth. The dome sky theater was upgraded with high-definition digital Definiti projection systems, presenting shows on planetary exploration, cosmic evolution, and ISRO's Chandrayaan and Gaganyaan space missions.",The white geodesic astronomical projection dome illuminated under night sky floodlights.,images/67/Image_1.jpg,images/67/Image_2.jpg,images/67/Image_3.jpg,images/67/Image_4.jpg,images/67/Image_5.jpg,"Teen Murti House, Teen Murti Marg, New Delhi",Year-round (Catch morning/afternoon Sky Theater shows; Closed Mondays),"₹100 (Adults), ₹50 (Children)",4.4,28.6018,77.1947,Jawaharlal Nehru Memorial Fund,"Name: Nehru Planetarium (Sky Theater). Category: Science / Astronomical Education. Description: A premier astronomy and space science institution featuring a 2D/3D dome Sky Theater, live solar telescope viewings, and space flight simulators.. Location: Teen Murti House, Teen Murti Marg, New Delhi. Best Time: Year-round (Catch morning/afternoon Sky Theater shows; Closed Mondays)."
68,Gandhi Smriti (Birla House),Memorials & Museums,Museum / Memorial & National Monument,The sacred national memorial museum marking the location where Mahatma Gandhi spent the final 144 days of his life and was assassinated on 30 January 1948.,"Originally the palatial residence of industrialist G.D. Birla. Mahatma Gandhi stayed here from 9 September 1947 until his assassination on 30 January 1948 by Nathuram Godse while walking to his evening prayer assembly. Acquired by the Government of India in 1971 and opened as a national memorial in 1973, it preserves Gandhi's bedroom, his personal belongings, the Footsteps of Peace pathway, and the Martyr's Column.",The poignant raised stone Footsteps of Peace tracing Gandhi's final steps to the Martyr's Column prayer pavilion.,images/68/Image_1.jpg,images/68/Image_2.jpg,images/68/Image_3.jpg,images/68/Image_4.jpg,images/68/Image_5.jpg,"5 Tees January Marg, Central New Delhi",October to March (10:00 AM – 5:00 PM; Closed Mondays),Free,4.6,28.6019,77.207,Gandhi Smriti and Darshan Samiti / Ministry of Culture,"Name: Gandhi Smriti (Birla House). Category: Museum / Memorial & National Monument. Description: The sacred national memorial museum marking the location where Mahatma Gandhi spent the final 144 days of his life and was assassinated on 30 January 1948.. Location: 5 Tees January Marg, Central New Delhi. Best Time: October to March (10:00 AM – 5:00 PM; Closed Mondays)."
69,Raj Ghat & Memorial Park,"Open Fields, Gardens & Nature",Memorial / National Monument & Parkland,"A tranquil 45-acre open memorial garden on the banks of the Yamuna River marking the cremation spot of the Father of the Nation, Mahatma Gandhi.","Constructed following Mahatma Gandhi's cremation on 31 January 1948. Designed by architect Vanu G. Bhuta in simple, unadorned black marble, reflecting Gandhi's philosophy of simplicity. An eternal flame burns perpetually at one end of the black marble platform, inscribed with his poignant last words 'He Ram'. World leaders and foreign dignitaries visit the memorial to lay wreaths.",The black marble cenotaph with the eternal flame surrounded by sprawling green lawns and peaceful red stone pathways.,images/69/Image_1.jpg,images/69/Image_2.jpg,images/69/Image_3.jpg,images/69/Image_4.jpg,images/69/Image_5.jpg,"Ring Road / Mahatma Gandhi Marg, Old Delhi",October to March (Sunrise 6:30 AM – 9:00 AM or Friday evening prayer meetings),Free,4.6,28.6408,77.2497,Rajghat Samadhi Committee / CPWD,"Name: Raj Ghat & Memorial Park. Category: Memorial / National Monument & Parkland. Description: A tranquil 45-acre open memorial garden on the banks of the Yamuna River marking the cremation spot of the Father of the Nation, Mahatma Gandhi.. Location: Ring Road / Mahatma Gandhi Marg, Old Delhi. Best Time: October to March (Sunrise 6:30 AM – 9:00 AM or Friday evening prayer meetings)."
70,National Police Memorial,Memorials & Museums,Memorial / National Security Monument,"A 6.12-acre national memorial commemorating over 35,000 police personnel from all central and state forces who made the supreme sacrifice in line of duty.","Inaugurated on 21 October 2018 (Police Commemoration Day) by Prime Minister Narendra Modi. The centerpiece is a 30-foot tall, 238-tonne monolithic black granite sculpture representing the strength, valor, and selfless devotion of police martyrs. It features the Wall of Valor inscribed with names of fallen personnel and an underground high-tech museum.",The 30-foot monolithic black granite central sculpture rising over the reflecting water channel.,images/70/Image_1.jpg,images/70/Image_2.jpg,images/70/Image_3.jpg,images/70/Image_4.jpg,images/70/Image_5.jpg,"Chanakyapuri, Shanti Path, New Delhi",October to March (9:30 AM – 5:30 PM; Closed Mondays),Free,4.5,28.6064,77.185,"Ministry of Home Affairs, Government of India","Name: National Police Memorial. Category: Memorial / National Security Monument. Description: A 6.12-acre national memorial commemorating over 35,000 police personnel from all central and state forces who made the supreme sacrifice in line of duty.. Location: Chanakyapuri, Shanti Path, New Delhi. Best Time: October to March (9:30 AM – 5:30 PM; Closed Mondays)."
71,Azad Hind Gram,Memorials & Museums,Historical / Freedom Memorial Complex,A rural tourist memorial complex celebrating Netaji Subhas Chandra Bose and the heroic legacy of the Indian National Army (INA).,"Developed by the Delhi Tourism and Transportation Development Corporation at Tikri Kalan along the Delhi-Haryana border to honor Netaji Subhas Chandra Bose. The complex features traditional North Indian brick architecture, a museum displaying INA historical documents, amphitheatre grounds, and commemorative bronze statues depicting the freedom struggle.",The imposing bronze statue of Netaji Subhas Chandra Bose saluting in INA military uniform against the brick plaza arches.,images/71/image 1.jpg,images/71/image 2.jpg,images/71/image 3.jpg,images/71/image 4.jpg,images/71/image 5.jpg,"NH 10, Tikri Kalan, West Delhi",October to March (Morning 10:00 AM – 4:00 PM),Free,4.2,28.6784,76.9865,Delhi Tourism (DTTDC),"Name: Azad Hind Gram. Category: Historical / Freedom Memorial Complex. Description: A rural tourist memorial complex celebrating Netaji Subhas Chandra Bose and the heroic legacy of the Indian National Army (INA).. Location: NH 10, Tikri Kalan, West Delhi. Best Time: October to March (Morning 10:00 AM – 4:00 PM)."
72,Guru Tegh Bahadur Memorial,Memorials & Museums,Memorial / Sikh Heritage Monument,A grand architectural memorial monument on GT Karnal Road commemorating the 400th Prakash Purab and martyrdom of the Ninth Sikh Guru.,"Built by the Government of Delhi on an 11-acre site near the Singhu border along the historic Grand Trunk Road. Designed by architect Raj Rewal, the monument features a 24-meter central stainless steel petal pylon symbolizing the Guru's spiritual strength, surrounded by 10 arches representing the 10 Sikh Gurus and tranquil reflecting water ponds.","The 24-meter central stainless steel petal tower reaching toward the sky, mirrored in the perimeter water channels.",images/72/image 1.jpg,images/72/image 2.jpg,images/72/image 3.jpg,images/72/image 4.jpg,images/72/image 5.jpg,"NH 1 / GT Karnal Road, Singhu Border, North Delhi",October to March (Late afternoon 4:00 PM – 6:30 PM),Free,4.4,28.701,77.121,Delhi Tourism & DSGMC,"Name: Guru Tegh Bahadur Memorial. Category: Memorial / Sikh Heritage Monument. Description: A grand architectural memorial monument on GT Karnal Road commemorating the 400th Prakash Purab and martyrdom of the Ninth Sikh Guru.. Location: NH 1 / GT Karnal Road, Singhu Border, North Delhi. Best Time: October to March (Late afternoon 4:00 PM – 6:30 PM)."
73,Gyarah Murti (11 Statues Dandi March Memorial),Memorials & Museums,Public Art / Freedom Memorial,A landmark bronze sculpture on Mother Teresa Crescent depicting Mahatma Gandhi leading 10 diverse Indian freedom fighters during the 1930 Salt March.,"Sculpted by acclaimed Indian master sculptor Debi Prasad Roy Choudhury. The monumental bronze sculpture portrays Mahatma Gandhi striding boldly at the head of the Salt Satyagraha of 1930, followed by ten figures representing diverse facets of Indian society (including a woman, peasant, turbaned Sikh, Muslim, Hindu, and youth), symbolizing collective national resistance against colonial salt laws.",Full side profile view of Mahatma Gandhi leading the ten sculpted freedom fighters along the rocky crest against sunset colors.,images/73/image 1.jpg,images/73/image 2.jpg,images/73/image 3.jpg,images/73/image 4.jpg,images/73/image 5.jpg,"Sardar Patel Marg / Mother Teresa Crescent junction, New Delhi",October to March (Late afternoon golden hour for bronze sculpture photography),Free (Open public road junction monument),4.5,28.6004,77.1806,New Delhi Municipal Council (NDMC) / Ministry of Culture,"Name: Gyarah Murti (11 Statues Dandi March Memorial). Category: Public Art / Freedom Memorial. Description: A landmark bronze sculpture on Mother Teresa Crescent depicting Mahatma Gandhi leading 10 diverse Indian freedom fighters during the 1930 Salt March.. Location: Sardar Patel Marg / Mother Teresa Crescent junction, New Delhi. Best Time: October to March (Late afternoon golden hour for bronze sculpture photography)."
74,Daryaganj Sunday Book Market (Mahila Haat),"Markets, Arts & Urban Hubs",Market / Literary & Cultural Heritage,"Delhi's legendary open-air Sunday book market stretching across the courtyard of Mahila Haat, offering millions of rare, vintage, and discounted books.","Started over five decades ago along the pedestrian pavements of Netaji Subhash Marg and Asaf Ali Road in Daryaganj. Reorganized in 2019 by the Municipal Corporation to the modern open-air pedestrian plaza of Mahila Haat opposite Broadway Hotel. It remains an iconic cultural institution where bibliophiles, students, and collectors browse through scholarly texts, vintage classics, and rare collectibles.",Vibrant rows of wooden book stalls and reading tables filled with avid book lovers browsing classic volumes on Sunday morning.,images/74/image 1.jpg,images/74/image 2.jpg,images/74/image 3.jpg,images/74/image 4.jpg,images/74/image 5.jpg,"Mahila Haat, Asaf Ali Road, Daryaganj, Old Delhi",Sundays only (9:00 AM – 2:00 PM for the best book discoveries),Free,4.4,28.6448,77.239,Daryaganj Patri Kitab Kalyan Samiti / MCD,"Name: Daryaganj Sunday Book Market (Mahila Haat). Category: Market / Literary & Cultural Heritage. Description: Delhi's legendary open-air Sunday book market stretching across the courtyard of Mahila Haat, offering millions of rare, vintage, and discounted books.. Location: Mahila Haat, Asaf Ali Road, Daryaganj, Old Delhi. Best Time: Sundays only (9:00 AM – 2:00 PM for the best book discoveries)."
75,Chandni Chowk (Shahjahanabad Heritage Promenade),"Markets, Arts & Urban Hubs",Market / Historical Urban Heritage,"A historic 17th-century bustling market avenue redesigned with pedestrianized red-granite plazas, street cuisine alleys, and traditional bazaars.","Designed in 1650 by Princess Jahanara Begum, the favorite daughter of Emperor Shah Jahan. The original avenue featured a central reflective canal reflecting the silver moonlight ('Chandni'). Connecting the Red Fort Lahori Gate to Fatehpuri Mosque, it evolved into Asia's premier wholesale trade and street food corridor (famous for Paranthe Wali Gali, Dariba Kalan jewelry, and Khari Baoli spice market). In 2021, the 1.3-km stretch was revamped into a pedestrianized heritage zone.",Pedestrianized red-granite promenade looking west toward the historic sandstone domes of Fatehpuri Mosque with non-motorized cycle rickshaws.,images/75/image 1.jpg,images/75/image 2.jpg,images/75/image 3.jpg,images/75/image 4.jpg,images/75/image 5.jpg,Old Delhi (From Red Fort to Fatehpuri Masjid),October to March (Morning 10:00 AM – 1:00 PM or evening culinary food walks),Free,4.5,28.6506,77.2303,Shahjahanabad Redevelopment Corporation (SRDC),"Name: Chandni Chowk (Shahjahanabad Heritage Promenade). Category: Market / Historical Urban Heritage. Description: A historic 17th-century bustling market avenue redesigned with pedestrianized red-granite plazas, street cuisine alleys, and traditional bazaars.. Location: Old Delhi (From Red Fort to Fatehpuri Masjid). Best Time: October to March (Morning 10:00 AM – 1:00 PM or evening culinary food walks)."
76,Connaught Place (CP / Rajiv Chowk),"Markets, Arts & Urban Hubs",Shopping / Colonial Heritage & Urban Center,"Delhi's financial and commercial nerve center, featuring grand Georgian-style circular white colonnades, flagship stores, underground markets, and cafes.","Constructed between 1929 and 1933, designed by British architect Robert Tor Russell and named after Prince Arthur, 1st Duke of Connaught. Modeled after the Royal Crescent in Bath, England, it is laid out as two concentric circular rings (Inner and Outer Circles) with radial avenues. It houses India's first underground air-conditioned market, Palika Bazaar (opened in 1978), and remains one of the world's premier heritage business districts.",The sweeping white Palladian colonnades of the Inner Circle converging toward Central Park's monumental flag.,images/76/image 1.jpg,images/76/image 2.jpg,images/76/image 3.jpg,images/76/image 4.jpg,images/76/image 5.jpg,"Connaught Place (Rajiv Chowk), New Delhi",Year-round (Afternoon shopping 12:00 PM – 4:00 PM or evening cafe dining 6:00 PM – 10:00 PM),Free,4.5,28.6315,77.2167,New Delhi Municipal Council (NDMC),"Name: Connaught Place (CP / Rajiv Chowk). Category: Shopping / Colonial Heritage & Urban Center. Description: Delhi's financial and commercial nerve center, featuring grand Georgian-style circular white colonnades, flagship stores, underground markets, and cafes.. Location: Connaught Place (Rajiv Chowk), New Delhi. Best Time: Year-round (Afternoon shopping 12:00 PM – 4:00 PM or evening cafe dining 6:00 PM – 10:00 PM)."
77,Dilli Haat INA,"Markets, Arts & Urban Hubs",Shopping / Cultural & Culinary Bazaar,"An open-air handicraft and food village showcasing regional crafts, handloom weavers, and authentic cuisine from all 28 states of India.","Jointly established in March 1994 by Delhi Tourism (DTTDC), Ministry of Textiles, and Ministry of Tourism. Designed by Pradeep Sachdeva with exposed brick and slate roofing to recreate a traditional rural village marketplace (Haat). Craftsmen and artisans are rotated on a bi-weekly basis to ensure diverse regional representation across silk, woodcraft, brassware, and authentic state food stalls.",Vibrant brick-paved open central courtyard framed by traditional thatched craft stalls and colorful hanging lamps.,images/77/image 1.jpg,images/77/image 2.jpg,images/77/image 3.jpg,images/77/image 4.jpg,images/77/image 5.jpg,"Sri Aurobindo Marg, Opposite INA Market, South Delhi",October to March (11:00 AM – 9:30 PM for shopping and regional dinners),"₹30 (Adults), ₹20 (Children), ₹100 (Foreigners)",4.5,28.5733,77.2099,Delhi Tourism and Transportation Development Corporation (DTTDC),"Name: Dilli Haat INA. Category: Shopping / Cultural & Culinary Bazaar. Description: An open-air handicraft and food village showcasing regional crafts, handloom weavers, and authentic cuisine from all 28 states of India.. Location: Sri Aurobindo Marg, Opposite INA Market, South Delhi. Best Time: October to March (11:00 AM – 9:30 PM for shopping and regional dinners)."
78,Dilli Haat Pitampura,"Markets, Arts & Urban Hubs",Shopping / Cultural & Craft Center,"A spacious 7.2-acre cultural and craft bazaar in North West Delhi featuring modern amphitheaters, artisan stalls, and dining courts.","Inaugurated in April 2008 by DTTDC as the second Dilli Haat in the capital, designed by architect Pradeep Sachdeva. Featuring contemporary architectural canopies, an open-air amphitheatre holding 450 people, craft shops, and food courts, it hosts national handloom expos, mango festivals, and cultural performances.",Curved brick plaza under decorative fabric canopies with the illuminated Pitampura TV Tower in the background.,images/78/image_1.jpeg,images/78/image_2.jpg,images/78/image_3.jpg,images/78/image_4.jpeg,images/78/image_5.jpeg,"Netaji Subhash Place, Pitampura, North West Delhi",October to March (Evenings 4:00 PM – 9:00 PM),"₹20 (Adults), ₹10 (Children)",4.2,28.7015,77.132,Delhi Tourism (DTTDC),"Name: Dilli Haat Pitampura. Category: Shopping / Cultural & Craft Center. Description: A spacious 7.2-acre cultural and craft bazaar in North West Delhi featuring modern amphitheaters, artisan stalls, and dining courts.. Location: Netaji Subhash Place, Pitampura, North West Delhi. Best Time: October to March (Evenings 4:00 PM – 9:00 PM)."
79,Dilli Haat Janakpuri,"Markets, Arts & Urban Hubs",Shopping / Cultural & Craft Bazaar,"The largest and most modern Dilli Haat, spanning 9.6 acres in West Delhi with striking music pavilions, bamboo courtyards, and craft stalls.","Inaugurated in June 2014 by DTTDC. Designed with an emphasis on sustainable music-and-craft tourism, it features an 800-seat outdoor amphitheatre, an indoor air-conditioned auditorium, 100 craft shops, themed food courts, and large open lawns hosting musical festivals and culinary melas.",The grand musical open-air amphitheatre and geometric bamboo canopy towers illuminated at dusk.,images/79/image_1.jpeg,images/79/image_2.jpeg,images/79/image_3.jpg,images/79/image_4.jpeg,images/79/image_5.jpeg,"Lal Sai Mandir Marg, Janakpuri, West Delhi",October to March (Evenings 4:30 PM – 9:30 PM),"₹20 (Adults), ₹10 (Children)",4.2,28.6219,77.0878,Delhi Tourism (DTTDC),"Name: Dilli Haat Janakpuri. Category: Shopping / Cultural & Craft Bazaar. Description: The largest and most modern Dilli Haat, spanning 9.6 acres in West Delhi with striking music pavilions, bamboo courtyards, and craft stalls.. Location: Lal Sai Mandir Marg, Janakpuri, West Delhi. Best Time: October to March (Evenings 4:30 PM – 9:30 PM)."
80,India Habitat Centre (IHC),"Markets, Arts & Urban Hubs",Cultural / Modern Arts & Architecture,"A premier multidisciplinary cultural and arts complex featuring open atrium courtyards, art galleries, amphitheaters, and visual arts exhibitions.","Designed by celebrated architect Joseph Allen Stein and completed in 1993. Spanning 9 acres, the complex is internationally acclaimed for its bioclimatic design, utilizing vertical brick louvers, open green atriums, and shading overhangs to temper Delhi's climate naturally. It is a vibrant hub for film festivals, art exhibitions, literary debates, and theatrical performances.",The sun-shaded open brick atrium courtyard with Stein's signature overhead blue louvers and sculptural water features.,images/80/image_1.jpeg,images/80/image_2.jpeg,images/80/image_3.jpeg,images/80/image_4.jpeg,images/80/image_5.jpeg,"Lodhi Road, New Delhi",Year-round (10:00 AM – 8:00 PM for art exhibitions and live events),Free (Art galleries open to public),4.5,28.59,77.223,India Habitat Centre Cultural Division,"Name: India Habitat Centre (IHC). Category: Cultural / Modern Arts & Architecture. Description: A premier multidisciplinary cultural and arts complex featuring open atrium courtyards, art galleries, amphitheaters, and visual arts exhibitions.. Location: Lodhi Road, New Delhi. Best Time: Year-round (10:00 AM – 8:00 PM for art exhibitions and live events)."
